{"$schema":"https://schema.freqtrade.io/schema.json","max_open_trades":1,"stake_currency":"USDT","stake_amount":"unlimited","tradable_balance_ratio":0.99,"dry_run":true,"dry_run_wallet":1000,"trading_mode":"spot","margin_mode":"","cancel_open_orders_on_exit":false,"unfilledtimeout":{"entry":10,"exit":10,"exit_timeout_count":0,"unit":"minutes"},"entry_pricing":{"price_side":"same","use_order_book":true,"order_book_top":1,"price_last_balance":0.0,"check_depth_of_market":{"enabled":false,"bids_to_ask_delta":1}},"exit_pricing":{"price_side":"same","use_order_book":true,"order_book_top":1},"exchange":{"name":"binance","key":"REDACTED","secret":"REDACTED","ccxt_config":{"enableRateLimit":true},"ccxt_async_config":{"enableRateLimit":true},"pair_whitelist":["ETH/USDT"],"pair_blacklist":[]},"pairlists":[{"method":"StaticPairList","number_assets":20,"sort_key":"quoteVolume","min_value":0,"refresh_period":1800}],"telegram":{"enabled":false,"token":"REDACTED","chat_id":"REDACTED"},"api_server":{"enabled":true,"listen_ip_address":"127.0.0.1","listen_port":8080,"verbosity":"error","enable_openapi":false,"jwt_secret_key":"204c27c71773c076ae8185cd77e0b181c25c0905906234e2d64cf82683743583","ws_token":"XgujslnpoYAg2C8kAYyK9BgRpn5D-E9mCA","CORS_origins":[],"username":"freqtrader","password":"REDACTED"},"bot_name":"freqtrade","initial_state":"running","force_entry_enable":false,"internals":{"process_throttle_secs":5},"config_files":["/freqtrade/user_data/config.json"]}