date,mode,from_state,to_state,from_to,prev_state_run_len_bars,to_state_run_len_bars,intraday_fwd_abs_ret,intraday_fwd_span,intraday_fwd_eff,intraday_range_label,intraday_trend_label,adx_4h,ema_dist_frac_1h,bb_width_1h_pct,bbwp_15m_pct,bbwp_1h_pct,bbwp_4h_pct,vol_ratio_1h,rvol_15m,swing_fwd_abs_ret,swing_fwd_span,swing_fwd_eff,swing_range_label,swing_trend_label
2025-10-05 09:30:00+00:00,intraday,neutral,range,neutral->range,6,1,0.0031155317386557524,0.009047785401822364,0.34434191355027177,1.0,0.0,75.51860145124664,0.013293611900282947,90.80459770114942,48.41269841269841,90.80459770114942,12.5,2.6609173815469,2.0572373284935783,,,,,
2025-10-05 10:30:00+00:00,intraday,range,neutral,range->neutral,4,1,5.069797891410488e-05,0.005803816455682236,0.008735282947226494,0.0,0.0,75.51860145124664,0.013254634247628566,89.77272727272727,77.38095238095238,89.77272727272727,12.5,1.2926315415104253,0.44410512406780633,,,,,
2025-10-05 12:45:00+00:00,intraday,neutral,range,neutral->range,9,1,0.0006929043505123911,0.013125462028179486,0.05279085406858509,1.0,0.0,74.58289733372355,0.013136593940936171,83.33333333333334,83.33333333333334,83.33333333333334,11.11111111111111,0.5484890910716621,0.33285877387351354,,,,,
2025-10-05 13:30:00+00:00,swing,range,neutral,range->neutral,22,1,,,,,,74.58289733372355,0.01302283262700541,75.82417582417582,55.158730158730165,75.82417582417582,11.11111111111111,0.6272038526574505,0.33509790573803255,0.015110607620101524,0.03477026630903137,0.4345841784989877,0.0,0.0
2025-10-05 13:45:00+00:00,intraday,range,neutral,range->neutral,4,1,0.006047680841079428,0.013104410070214689,0.4614996637525375,0.0,0.0,74.58289733372355,0.01302283262700541,75.82417582417582,45.63492063492063,75.82417582417582,11.11111111111111,0.6272038526574505,0.5924904184999132,,,,,
2025-10-05 14:30:00+00:00,intraday,neutral,range,neutral->range,3,1,0.003712161959598115,0.011544294645140219,0.3215581439755446,1.0,0.0,74.58289733372355,0.012920806237566671,71.73913043478261,2.7777777777777777,71.73913043478261,11.11111111111111,0.5751951787249109,0.5089780153576559,,,,,
2025-10-05 15:00:00+00:00,intraday,range,neutral,range->neutral,2,1,0.008240983187424611,0.011542666208222004,0.7139583731143861,0.0,0.0,74.58289733372355,0.012800559868913554,67.74193548387096,2.7777777777777777,67.74193548387096,11.11111111111111,0.29890401754508233,0.3810322107756145,,,,,
2025-10-05 15:15:00+00:00,swing,neutral,trend,neutral->trend,7,1,,,,,,74.58289733372355,0.012800559868913554,67.74193548387096,2.380952380952381,67.74193548387096,11.11111111111111,0.29890401754508233,0.38941383644995375,0.03366099700541403,0.0484334062699006,0.6949954504094635,0.0,1.0
2025-10-05 15:30:00+00:00,swing,trend,neutral,trend->neutral,1,1,,,,,,74.58289733372355,0.012800559868913554,67.74193548387096,7.936507936507936,67.74193548387096,11.11111111111111,0.29890401754508233,0.725629568703294,0.03138885698889582,0.04854197401083033,0.6466333030027297,0.0,0.0
2025-10-05 16:30:00+00:00,intraday,neutral,range,neutral->range,6,1,0.0048730919613863,0.014126665046720674,0.3449569976544105,1.0,0.0,72.1736360893292,0.012662242979074092,59.57446808510638,8.333333333333332,59.57446808510638,10.0,1.276896519884343,2.7375765875442597,,,,,
2025-10-05 16:30:00+00:00,swing,neutral,trend,neutral->trend,4,1,,,,,,72.1736360893292,0.012662242979074092,59.57446808510638,8.333333333333332,59.57446808510638,10.0,1.276896519884343,2.7375765875442597,0.034213258521283985,0.04855419823720431,0.7046405823475886,0.0,1.0
2025-10-05 16:45:00+00:00,intraday,range,neutral,range->neutral,1,1,0.006611446148954148,0.014121642659506066,0.4681782642689694,0.0,0.0,72.1736360893292,0.012662242979074092,59.57446808510638,3.571428571428571,59.57446808510638,10.0,1.276896519884343,4.80204960056112,,,,,
2025-10-05 17:30:00+00:00,intraday,neutral,range,neutral->range,3,1,0.0023103999007614284,0.011330484652343436,0.2039100684262046,1.0,0.0,72.1736360893292,0.012486809064116406,52.63157894736842,19.047619047619047,52.63157894736842,10.0,0.3951804685535745,0.8532083344195123,,,,,
2025-10-05 19:45:00+00:00,intraday,range,neutral,range->neutral,9,1,0.006030406082999207,0.011026773576748297,0.5468876313662031,0.0,0.0,72.1736360893292,0.01203931709160692,48.45360824742268,55.158730158730165,48.45360824742268,10.0,0.42982555713893555,1.3124998931142111,,,,,
2025-10-05 20:15:00+00:00,intraday,neutral,range,neutral->range,2,1,0.003431911890552364,0.013449804954489228,0.25516443563048563,1.0,0.0,69.68347200090169,0.011743787006470963,45.91836734693878,54.761904761904766,45.91836734693878,9.090909090909092,0.34010134239886025,0.35460935386300163,,,,,
2025-10-05 21:15:00+00:00,intraday,range,neutral,range->neutral,4,1,0.0063826573004002185,0.01426045151801931,0.4475775042841524,0.0,0.0,69.68347200090169,0.011496909828827815,44.44444444444444,40.87301587301587,44.44444444444444,9.090909090909092,0.21154828751314447,0.5118503300864424,,,,,
2025-10-05 21:30:00+00:00,intraday,neutral,range,neutral->range,1,1,0.0040542280758624205,0.014251966056386099,0.28446798566755466,1.0,0.0,69.68347200090169,0.011496909828827815,44.44444444444444,36.507936507936506,44.44444444444444,9.090909090909092,0.21154828751314447,0.310665233039321,,,,,
2025-10-06 00:15:00+00:00,intraday,range,neutral,range->neutral,11,1,0.005657464242123433,0.013678481478117751,0.41360323886639616,0.0,0.0,67.76823383810644,0.01089046942482508,45.09803921568628,26.984126984126984,45.09803921568628,16.666666666666664,1.217550637993653,4.508075160081537,,,,,
2025-10-06 00:30:00+00:00,intraday,neutral,range,neutral->range,1,1,0.003401141986045353,0.01368211841291858,0.24858299595142289,1.0,0.0,67.76823383810644,0.01089046942482508,45.09803921568628,27.380952380952383,45.09803921568628,16.666666666666664,1.217550637993653,2.1591676858162967,,,,,
2025-10-06 00:45:00+00:00,intraday,range,neutral,range->neutral,1,1,0.005638667434195055,0.013324324504532897,0.4231859883236025,0.0,0.0,67.76823383810644,0.01089046942482508,45.09803921568628,19.841269841269842,45.09803921568628,16.666666666666664,1.217550637993653,2.251888453171443,,,,,
2025-10-06 01:00:00+00:00,intraday,neutral,range,neutral->range,1,1,0.002467501604653588,0.01198659420370331,0.20585510468779933,1.0,0.0,67.76823383810644,0.010704756788705012,42.71844660194174,17.063492063492063,42.71844660194174,16.666666666666664,0.9208907106770644,1.0474732038233394,,,,,
2025-10-06 01:15:00+00:00,swing,trend,neutral,trend->neutral,35,1,,,,,,67.76823383810644,0.010704756788705012,42.71844660194174,26.190476190476193,42.71844660194174,16.666666666666664,0.9208907106770644,1.8735189271809694,0.03285658467237229,0.050766116481493394,0.6472148541114058,0.0,0.0
2025-10-06 01:30:00+00:00,swing,neutral,trend,neutral->trend,1,1,,,,,,67.76823383810644,0.010704756788705012,42.71844660194174,30.158730158730158,42.71844660194174,16.666666666666664,0.9208907106770644,2.846165229836698,0.03666135951528027,0.0508535668479944,0.7209201200156533,0.0,1.0
2025-10-06 01:45:00+00:00,swing,trend,neutral,trend->neutral,1,1,,,,,,67.76823383810644,0.010704756788705012,42.71844660194174,34.12698412698413,42.71844660194174,16.666666666666664,0.9208907106770644,0.6824817384915346,0.03254952107723952,0.05078988575202032,0.6408661999391223,0.0,0.0
2025-10-06 02:00:00+00:00,intraday,range,neutral,range->neutral,4,1,0.005160540320726881,0.00973319896037765,0.5301998183469454,0.0,0.0,67.76823383810644,0.010606610952154042,41.34615384615385,29.761904761904763,41.34615384615385,16.666666666666664,0.6569609652594587,0.44527409627110903,,,,,
2025-10-06 02:00:00+00:00,swing,neutral,trend,neutral->trend,1,1,,,,,,67.76823383810644,0.010606610952154042,41.34615384615385,29.761904761904763,41.34615384615385,16.666666666666664,0.6569609652594587,0.44527409627110903,0.03417007019218854,0.050825244435014814,0.6723050832717289,0.0,1.0
2025-10-06 02:45:00+00:00,intraday,neutral,range,neutral->range,3,1,0.004834388055491967,0.01487334520263005,0.32503703703704456,1.0,0.0,67.76823383810644,0.010606610952154042,41.34615384615385,36.11111111111111,41.34615384615385,16.666666666666664,0.6569609652594587,1.9256158171245226,,,,,
2025-10-06 03:00:00+00:00,intraday,range,neutral,range->neutral,1,1,0.007714274382263131,0.014873279657319636,0.5186666666666699,0.0,0.0,67.76823383810644,0.01052672985925853,32.38095238095238,40.87301587301587,32.38095238095238,16.666666666666664,0.6829212853172538,0.594465633220362,,,,,
2025-10-06 03:15:00+00:00,swing,trend,neutral,trend->neutral,5,1,,,,,,67.76823383810644,0.01052672985925853,32.38095238095238,42.857142857142854,32.38095238095238,16.666666666666664,0.6829212853172538,0.6169731464651305,0.0321131044210341,0.05001322343192143,0.6420922751509269,0.0,0.0
2025-10-06 03:30:00+00:00,intraday,neutral,range,neutral->range,2,1,0.001560244872377714,0.015183146707155098,0.10276162790697224,1.0,0.0,67.76823383810644,0.01052672985925853,32.38095238095238,42.46031746031746,32.38095238095238,16.666666666666664,0.6829212853172538,0.9836688526137585,,,,,
2025-10-06 03:30:00+00:00,swing,neutral,trend,neutral->trend,1,1,,,,,,67.76823383810644,0.01052672985925853,32.38095238095238,42.46031746031746,32.38095238095238,16.666666666666664,0.6829212853172538,0.9836688526137585,0.03501392524065716,0.05008010875370206,0.6991583307627888,0.0,1.0
2025-10-06 04:30:00+00:00,intraday,range,neutral,range->neutral,4,1,0.007406360548874558,0.015192534459229726,0.48749999999999816,0.0,0.0,66.30470672831729,0.010415965818188721,13.20754716981132,50.39682539682539,13.20754716981132,23.076923076923077,0.46668306380537977,0.6971471094643806,,,,,
2025-10-06 06:00:00+00:00,intraday,neutral,range,neutral->range,6,1,0.003722458097610737,0.011145386944352333,0.3339909252318035,1.0,0.0,66.30470672831729,0.010222007777857148,20.37037037037037,26.190476190476193,20.37037037037037,23.076923076923077,1.771464849845829,1.611825189997911,,,,,
2025-10-06 06:15:00+00:00,swing,trend,neutral,trend->neutral,11,1,,,,,,66.30470672831729,0.010222007777857148,20.37037037037037,44.44444444444444,20.37037037037037,23.076923076923077,1.771464849845829,1.8564391066095018,0.025367012799687894,0.04536556601188574,0.5591688813723115,0.0,0.0
2025-10-06 07:30:00+00:00,intraday,range,neutral,range->neutral,6,1,0.008588911094414176,0.014170160915386554,0.6061265744052369,0.0,0.0,66.30470672831729,0.010170866471625108,13.761467889908257,69.04761904761905,13.761467889908257,23.076923076923077,1.254636105965163,1.9284235415584796,,,,,
2025-10-06 07:45:00+00:00,swing,neutral,trend,neutral->trend,6,1,,,,,,66.30470672831729,0.010170866471625108,13.761467889908257,69.84126984126983,13.761467889908257,23.076923076923077,1.254636105965163,0.8845367733983871,0.03198630544936343,0.04472126692241016,0.7152370147486788,0.0,1.0
2025-10-06 08:00:00+00:00,swing,trend,neutral,trend->neutral,1,1,,,,,,65.13165989426481,0.010115612451246021,23.636363636363637,70.23809523809523,23.636363636363637,35.714285714285715,0.8327880529764023,0.851159814031575,0.02344179581135708,0.04293776860849259,0.5459481610490717,0.0,0.0
2025-10-06 08:30:00+00:00,intraday,neutral,range,neutral->range,4,1,0.0032638620979905664,0.008173903131904737,0.39930276213462973,1.0,0.0,65.13165989426481,0.010115612451246021,23.636363636363637,73.01587301587301,23.636363636363637,35.714285714285715,0.8327880529764023,1.0413455345914426,,,,,
2025-10-06 08:45:00+00:00,intraday,range,neutral,range->neutral,1,1,0.0043142662349477945,0.008174745320182999,0.527755430410306,0.0,0.0,65.13165989426481,0.010115612451246021,23.636363636363637,74.60317460317461,23.636363636363637,35.714285714285715,0.8327880529764023,0.6776021637409668,,,,,
2025-10-06 09:00:00+00:00,intraday,neutral,range,neutral->range,1,1,0.0028277460543968402,0.008161505446475268,0.3464735854116408,1.0,0.0,65.13165989426481,0.010138557116045615,33.33333333333333,77.38095238095238,33.33333333333333,35.714285714285715,0.9628160110586024,0.7542674546179603,,,,,
2025-10-06 09:15:00+00:00,intraday,range,neutral,range->neutral,1,1,0.005255217445570226,0.009627996295071557,0.5458267000227509,0.0,0.0,65.13165989426481,0.010138557116045615,33.33333333333333,80.15873015873017,33.33333333333333,35.714285714285715,0.9628160110586024,0.7706085647317482,,,,,
2025-10-06 10:00:00+00:00,intraday,neutral,trend,neutral->trend,3,1,0.0167447973713033,0.023073384446878408,0.7257191683281083,0.0,1.0,65.13165989426481,0.010176424005142135,39.285714285714285,69.84126984126983,39.285714285714285,35.714285714285715,1.5360744167022478,1.6309608170299503,,,,,
2025-10-06 10:45:00+00:00,intraday,trend,neutral,trend->neutral,3,1,0.014281028601417,0.024392110557159143,0.5854773644105808,0.0,0.0,65.13165989426481,0.010176424005142135,39.285714285714285,44.84126984126984,39.285714285714285,35.714285714285715,1.5360744167022478,1.3625069639280525,,,,,
2025-10-06 11:00:00+00:00,intraday,neutral,trend,neutral->trend,1,1,0.01969330918123058,0.0244331958532563,0.8060062752129064,0.0,1.0,65.13165989426481,0.010201599158566306,45.13274336283185,42.857142857142854,45.13274336283185,35.714285714285715,1.1357228477758217,0.5635331352624083,,,,,
2025-10-06 12:45:00+00:00,swing,neutral,trend,neutral->trend,19,1,,,,,,64.94270787077781,0.01023349962764365,45.614035087719294,41.66666666666667,45.614035087719294,46.666666666666664,1.158162220178432,0.5050022397142461,0.036271443196130404,0.03710526947650111,0.9775280898876422,0.0,1.0
2025-10-06 13:30:00+00:00,swing,trend,neutral,trend->neutral,3,1,,,,,,64.94270787077781,0.010387165519564775,65.21739130434783,45.63492063492063,65.21739130434783,46.666666666666664,3.144336065905649,4.554783684257554,0.017823295561871122,0.03451974371277762,0.5163217812440993,0.0,0.0
2025-10-06 13:45:00+00:00,intraday,trend,neutral,trend->neutral,11,1,0.01253377089051666,0.01910144096320081,0.6561688678180383,0.0,0.0,64.94270787077781,0.010387165519564775,65.21739130434783,76.5873015873016,65.21739130434783,46.666666666666664,3.144336065905649,2.6678407762552663,,,,,
2025-10-06 14:00:00+00:00,swing,neutral,range,neutral->range,2,1,,,,,,64.94270787077781,0.010642599149178247,77.58620689655173,90.47619047619048,77.58620689655173,46.666666666666664,3.2343513943429,3.0773033135706016,0.0029301251335793754,0.025854045296287362,0.11333333333333637,1.0,0.0
2025-10-06 14:15:00+00:00,intraday,neutral,range,neutral->range,2,1,0.006004685327887227,0.017891774074519144,0.335611510791373,1.0,0.0,64.94270787077781,0.010642599149178247,77.58620689655173,94.84126984126983,77.58620689655173,46.666666666666664,3.2343513943429,1.7565313156772329,,,,,
2025-10-06 14:45:00+00:00,intraday,range,trend,range->trend,2,1,0.01583482626964261,0.017423698558373404,0.9088097005691569,0.0,1.0,64.94270787077781,0.010642599149178247,77.58620689655173,97.61904761904762,77.58620689655173,46.666666666666664,3.2343513943429,1.0674625918437641,,,,,
2025-10-06 15:00:00+00:00,intraday,trend,neutral,trend->neutral,1,1,0.01153923813533475,0.013573426242959928,0.8501345149548951,0.0,0.0,64.94270787077781,0.010939960899603751,90.5982905982906,97.61904761904762,90.5982905982906,46.666666666666664,1.9457851581207715,1.0503261912976554,,,,,
2025-10-06 15:00:00+00:00,swing,range,neutral,range->neutral,4,1,,,,,,64.94270787077781,0.010939960899603751,90.5982905982906,97.61904761904762,90.5982905982906,46.666666666666664,1.9457851581207715,1.0503261912976554,0.02189276155534836,0.050102890824028766,0.4369560557341911,0.0,0.0
2025-10-06 15:15:00+00:00,intraday,neutral,range,neutral->range,1,1,0.003696479391168239,0.012494270883296686,0.2958539498379112,1.0,0.0,64.94270787077781,0.010939960899603751,90.5982905982906,100.0,90.5982905982906,46.666666666666664,1.9457851581207715,1.9460149933790265,,,,,
2025-10-06 15:30:00+00:00,intraday,range,neutral,range->neutral,1,1,0.00685842271266357,0.012549864351833142,0.5464937723937797,0.0,0.0,64.94270787077781,0.010939960899603751,90.5982905982906,100.0,90.5982905982906,46.666666666666664,1.9457851581207715,0.9228576252313673,,,,,
2025-10-06 16:00:00+00:00,swing,neutral,trend,neutral->trend,4,1,,,,,,65.02514911479773,0.011294635434638142,94.0677966101695,99.60317460317461,94.0677966101695,75.0,0.7290471160331317,0.4825378911967565,0.03888932966512193,0.059519801693581356,0.6533847317793705,0.0,1.0
2025-10-06 16:15:00+00:00,swing,trend,neutral,trend->neutral,1,1,,,,,,65.02514911479773,0.011294635434638142,94.0677966101695,99.60317460317461,94.0677966101695,75.0,0.7290471160331317,0.35998502177292613,0.03838431076425397,0.06441862560441398,0.5958573379066913,0.0,0.0
2025-10-06 16:30:00+00:00,intraday,neutral,range,neutral->range,4,1,0.0016233142095527509,0.014082250767870404,0.11527377521614333,1.0,0.0,65.02514911479773,0.011294635434638142,94.0677966101695,99.60317460317461,94.0677966101695,75.0,0.7290471160331317,0.4541613393036562,,,,,
2025-10-06 17:00:00+00:00,swing,neutral,trend,neutral->trend,3,1,,,,,,65.02514911479773,0.011659966905517339,94.11764705882352,98.01587301587301,94.11764705882352,75.0,1.779845495205836,0.6557234559503767,0.043826050649306336,0.06396988649919902,0.685104399080887,0.0,1.0
2025-10-06 19:45:00+00:00,intraday,range,neutral,range->neutral,13,1,0.008175546624543117,0.01341839910896915,0.6092788385671413,0.0,0.0,65.02514911479773,0.012480872064423786,95.0413223140496,71.03174603174604,95.0413223140496,75.0,1.1457117553047758,1.4439549768229536,,,,,
2025-10-06 20:15:00+00:00,swing,trend,neutral,trend->neutral,13,1,,,,,,65.1191039463742,0.012846288256279523,94.26229508196722,67.46031746031747,94.26229508196722,82.35294117647058,0.9946153719402527,0.9808880295080772,0.0399634916143472,0.0657129666467388,0.6081522970829158,0.0,0.0
2025-10-06 20:30:00+00:00,intraday,neutral,range,neutral->range,3,1,0.0016078884628671908,0.007472203148390611,0.21518264840182566,1.0,0.0,65.1191039463742,0.012846288256279523,94.26229508196722,63.49206349206349,94.26229508196722,82.35294117647058,0.9946153719402527,0.6048293615843984,,,,,
2025-10-06 21:45:00+00:00,intraday,range,neutral,range->neutral,5,1,0.003918067853521001,0.009350951500328173,0.41900205058100226,0.0,0.0,65.1191039463742,0.013102557266107838,94.3089430894309,35.714285714285715,94.3089430894309,82.35294117647058,0.6334453699549717,0.5342238825180513,,,,,
2025-10-06 22:00:00+00:00,swing,neutral,trend,neutral->trend,7,1,,,,,,65.1191039463742,0.013351743881651197,94.35483870967742,35.714285714285715,94.35483870967742,82.35294117647058,0.692652509667329,0.8810095134166172,0.04324871843432998,0.06572639078336696,0.6580114611325149,0.0,1.0
2025-10-06 22:15:00+00:00,intraday,neutral,range,neutral->range,2,1,0.002067690787596388,0.008792477097822422,0.23516589973359275,1.0,0.0,65.1191039463742,0.013351743881651197,94.35483870967742,35.317460317460316,94.35483870967742,82.35294117647058,0.692652509667329,0.4250287625346269,,,,,
2025-10-06 22:15:00+00:00,swing,trend,neutral,trend->neutral,1,1,,,,,,65.1191039463742,0.013351743881651197,94.35483870967742,35.317460317460316,94.35483870967742,82.35294117647058,0.692652509667329,0.4250287625346269,0.041805258024812386,0.06577215793665325,0.6356072133907491,0.0,0.0
2025-10-06 23:00:00+00:00,swing,neutral,trend,neutral->trend,3,1,,,,,,65.1191039463742,0.013570890746369343,92.0,37.698412698412696,92.0,82.35294117647058,0.5126201384070055,0.8348270176042577,0.04433161531804608,0.06583664786654898,0.6733577233140173,0.0,1.0
2025-10-06 23:15:00+00:00,intraday,range,neutral,range->neutral,4,1,0.004449366927152032,0.008705283118340791,0.5111111111111205,0.0,0.0,65.1191039463742,0.013570890746369343,92.0,36.11111111111111,92.0,82.35294117647058,0.5126201384070055,0.6229866544239101,,,,,
2025-10-06 23:30:00+00:00,intraday,neutral,range,neutral->range,1,1,0.0010670903789342656,0.007514360991776321,0.14200680272109564,1.0,0.0,65.1191039463742,0.013570890746369343,92.0,33.730158730158735,92.0,82.35294117647058,0.5126201384070055,0.4563377715309495,,,,,
2025-10-07 00:15:00+00:00,intraday,range,neutral,range->neutral,3,1,0.0031046869654463016,0.00754361956893597,0.4115646258503297,0.0,0.0,64.91762870549698,0.013722814249859557,89.68253968253968,38.095238095238095,89.68253968253968,88.88888888888889,0.5183515806259101,0.9524579257727478,,,,,
2025-10-07 00:45:00+00:00,swing,trend,neutral,trend->neutral,7,1,,,,,,64.91762870549698,0.013722814249859557,89.68253968253968,27.380952380952383,89.68253968253968,88.88888888888889,0.5183515806259101,0.7152521441818235,0.04453603929889327,0.06935211953769521,0.6421727208306361,0.0,0.0
2025-10-07 01:00:00+00:00,intraday,neutral,range,neutral->range,3,1,0.004313432835820752,0.011599147121535104,0.37187499999999446,1.0,0.0,64.91762870549698,0.01383867018429275,88.9763779527559,14.285714285714285,88.9763779527559,88.88888888888889,0.7079432796383404,1.2920494802288212,,,,,
2025-10-07 01:00:00+00:00,swing,neutral,trend,neutral->trend,1,1,,,,,,64.91762870549698,0.01383867018429275,88.9763779527559,14.285714285714285,88.9763779527559,88.88888888888889,0.7079432796383404,1.2920494802288212,0.048588486140724974,0.06920469083155645,0.7020981606433137,0.0,1.0
2025-10-07 01:15:00+00:00,intraday,range,neutral,range->neutral,1,1,0.007570268635535005,0.010504762942872392,0.7206510681587047,0.0,0.0,64.91762870549698,0.01383867018429275,88.9763779527559,14.285714285714285,88.9763779527559,88.88888888888889,0.7079432796383404,1.616456872347463,,,,,
2025-10-07 01:15:00+00:00,swing,trend,neutral,trend->neutral,1,1,,,,,,64.91762870549698,0.01383867018429275,88.9763779527559,14.285714285714285,88.9763779527559,88.88888888888889,0.7079432796383404,1.616456872347463,0.042487117505872196,0.06936990657920884,0.6124718858797799,0.0,0.0
2025-10-07 02:00:00+00:00,intraday,neutral,range,neutral->range,3,1,0.0049686600432112815,0.013245485999063876,0.3751210067763821,1.0,0.0,64.91762870549698,0.01393689236976983,87.5,18.253968253968253,87.5,88.88888888888889,0.4126343162973589,0.5570607121081087,,,,,
2025-10-07 03:00:00+00:00,swing,neutral,trend,neutral->trend,7,1,,,,,,64.91762870549698,0.0140543869575595,86.04651162790698,15.079365079365079,86.04651162790698,88.88888888888889,0.5639203702987919,1.0705291605546203,0.0490685016137451,0.06914498141263933,0.7096466093600768,0.0,1.0
2025-10-07 04:15:00+00:00,intraday,range,neutral,range->neutral,9,1,0.00859672757347607,0.0195659217448394,0.4393724806623809,0.0,0.0,64.96300169938509,0.014191439256595747,82.3076923076923,1.984126984126984,82.3076923076923,89.47368421052632,0.7263434261831601,0.783112857401989,,,,,
2025-10-07 04:30:00+00:00,intraday,neutral,range,neutral->range,1,1,0.0073586910327242405,0.019553761155971,0.3763312323407986,1.0,0.0,64.96300169938509,0.014191439256595747,82.3076923076923,11.11111111111111,82.3076923076923,89.47368421052632,0.7263434261831601,1.8222235422868212,,,,,
2025-10-07 04:45:00+00:00,intraday,range,neutral,range->neutral,1,1,0.009173455532926145,0.01952223353699922,0.4698978482938591,0.0,0.0,64.96300169938509,0.014191439256595747,82.3076923076923,27.380952380952383,82.3076923076923,89.47368421052632,0.7263434261831601,1.6762338215193013,,,,,
2025-10-07 05:00:00+00:00,intraday,neutral,range,neutral->range,1,1,0.006647233786885032,0.01953620099230813,0.34025211910453873,1.0,0.0,64.96300169938509,0.014372005057151253,72.51908396946564,35.317460317460316,72.51908396946564,89.47368421052632,1.0277703938179321,1.7962301614134109,,,,,
2025-10-07 05:15:00+00:00,intraday,range,neutral,range->neutral,1,1,0.008504003818210815,0.019519541814710616,0.43566615953054066,0.0,0.0,64.96300169938509,0.014372005057151253,72.51908396946564,44.44444444444444,72.51908396946564,89.47368421052632,1.0277703938179321,0.9170784423769033,,,,,
2025-10-07 05:45:00+00:00,intraday,neutral,range,neutral->range,2,1,0.006685570204854385,0.017055632433717275,0.39198606271777164,1.0,0.0,64.96300169938509,0.014372005057151253,72.51908396946564,57.14285714285714,72.51908396946564,89.47368421052632,1.0277703938179321,1.5468242665280836,,,,,
2025-10-07 06:30:00+00:00,swing,trend,neutral,trend->neutral,14,1,,,,,,64.96300169938509,0.014481102852712705,66.66666666666666,61.50793650793651,66.66666666666666,89.47368421052632,1.0517646367170093,1.585918168861854,0.04736784638473612,0.07384459920914431,0.6414530905717266,0.0,0.0
2025-10-07 07:15:00+00:00,swing,neutral,trend,neutral->trend,3,1,,,,,,64.96300169938509,0.0144594699318207,46.616541353383454,63.49206349206349,46.616541353383454,89.47368421052632,0.8154529816814552,1.1855583851510407,0.049095690028986616,0.07367771234249072,0.6663574162124554,0.0,1.0
2025-10-07 07:30:00+00:00,swing,trend,neutral,trend->neutral,1,1,,,,,,64.96300169938509,0.0144594699318207,46.616541353383454,64.28571428571429,46.616541353383454,89.47368421052632,0.8154529816814552,1.0625710976958804,0.047819743187098696,0.07379199096319815,0.6480343268004186,0.0,0.0
2025-10-07 07:45:00+00:00,intraday,range,neutral,range->neutral,8,1,0.00654526643851594,0.015871522960803217,0.4123905723905832,0.0,0.0,64.96300169938509,0.0144594699318207,46.616541353383454,64.68253968253968,46.616541353383454,89.47368421052632,0.8154529816814552,0.8843881285299198,,,,,
2025-10-07 08:45:00+00:00,intraday,neutral,trend,neutral->trend,4,1,0.016508363380981494,0.017035089372125577,0.9690799396681746,0.0,1.0,64.17022007806041,0.01444520603509848,26.119402985074625,81.74603174603175,26.119402985074625,90.0,1.3072258382801998,0.7817858137962246,,,,,
2025-10-07 09:00:00+00:00,intraday,trend,neutral,trend->neutral,1,1,0.01344327323399419,0.01740786335308144,0.772252915899322,0.0,0.0,64.17022007806041,0.014408207410473361,18.51851851851852,82.14285714285714,18.51851851851852,90.0,0.7900373720658164,0.496675552001383,,,,,
2025-10-07 09:15:00+00:00,intraday,neutral,trend,neutral->trend,1,1,0.01698700943057152,0.017571071593612566,0.9667600146109879,0.0,1.0,64.17022007806041,0.014408207410473361,18.51851851851852,82.14285714285714,18.51851851851852,90.0,0.7900373720658164,0.8095486744100485,,,,,
2025-10-07 09:30:00+00:00,intraday,trend,range,trend->range,1,1,0.0021077383497221103,0.017853783668234383,0.11805555555555101,1.0,0.0,64.17022007806041,0.014408207410473361,18.51851851851852,79.76190476190477,18.51851851851852,90.0,0.7900373720658164,1.1297632190301756,,,,,
2025-10-07 10:00:00+00:00,intraday,range,neutral,range->neutral,2,1,0.00901775450249065,0.022614637884787236,0.3987574131601228,0.0,0.0,64.17022007806041,0.01440370546022149,3.6764705882352944,73.4126984126984,3.6764705882352944,90.0,0.8671495677673491,1.4039141942904496,,,,,
2025-10-07 10:45:00+00:00,intraday,neutral,trend,neutral->trend,3,1,0.02121311573231499,0.03515486810531117,0.6034190106692529,0.0,1.0,64.17022007806041,0.01440370546022149,3.6764705882352944,47.22222222222222,3.6764705882352944,90.0,0.8671495677673491,0.3191696087221174,,,,,
2025-10-07 11:00:00+00:00,intraday,trend,neutral,trend->neutral,1,1,0.028584594313801115,0.04976010615489313,0.5744480171489809,0.0,0.0,64.17022007806041,0.014441086447670178,4.37956204379562,38.492063492063494,4.37956204379562,90.0,0.7995066826700824,0.49049377208307166,,,,,
2025-10-07 11:15:00+00:00,intraday,neutral,trend,neutral->trend,1,1,0.030505060398997585,0.049667076211546604,0.6141907824222946,0.0,1.0,64.17022007806041,0.014441086447670178,4.37956204379562,46.03174603174603,4.37956204379562,90.0,0.7995066826700824,0.4953393071979856,,,,,
2025-10-07 12:30:00+00:00,swing,neutral,trend,neutral->trend,20,1,,,,,,59.91874029771521,0.014552308981440816,20.28985507246377,63.095238095238095,20.28985507246377,85.71428571428571,1.4699824203046898,1.0477282670858783,0.04774672754429321,0.07328261142071639,0.6515423866403817,0.0,1.0
2025-10-07 14:00:00+00:00,swing,trend,neutral,trend->neutral,6,1,,,,,,59.91874029771521,0.014616232140529527,42.857142857142854,86.11111111111111,42.857142857142854,85.71428571428571,3.6112373361733843,3.2657735678723725,0.03448735134391967,0.057232590912215595,0.602582388709556,0.0,0.0
2025-10-07 14:30:00+00:00,swing,neutral,trend,neutral->trend,2,1,,,,,,59.91874029771521,0.014616232140529527,42.857142857142854,92.06349206349206,42.857142857142854,85.71428571428571,3.6112373361733843,2.016664200398224,0.03389324536260885,0.04695040830674382,0.721894581643938,0.0,1.0
2025-10-07 15:00:00+00:00,intraday,trend,neutral,trend->neutral,15,1,0.016740968485780106,0.028843746568573657,0.5804020100502473,0.0,0.0,59.91874029771521,0.014081590672564445,80.85106382978722,100.0,80.85106382978722,85.71428571428571,4.511885232162741,3.3831569106568042,,,,,
2025-10-07 15:00:00+00:00,swing,trend,neutral,trend->neutral,2,1,,,,,,59.91874029771521,0.014081590672564445,80.85106382978722,100.0,80.85106382978722,85.71428571428571,4.511885232162741,3.3831569106568042,0.02090260239376307,0.03676073350170206,0.5686122229523872,0.0,0.0
2025-10-07 15:15:00+00:00,intraday,neutral,trend,neutral->trend,1,1,0.01987037146854509,0.023757909602658476,0.8363686789313136,0.0,1.0,59.91874029771521,0.014081590672564445,80.85106382978722,100.0,80.85106382978722,85.71428571428571,4.511885232162741,1.374753071258196,,,,,
2025-10-07 15:30:00+00:00,intraday,trend,neutral,trend->neutral,1,1,0.009106809934137483,0.017262592248570664,0.5275459098497494,0.0,0.0,59.91874029771521,0.014081590672564445,80.85106382978722,100.0,80.85106382978722,85.71428571428571,4.511885232162741,3.22129652089126,,,,,
2025-10-07 16:00:00+00:00,intraday,neutral,range,neutral->range,2,1,0.004845910314961843,0.01737343629033515,0.27892641582124417,1.0,0.0,55.77454498940145,0.013303313400118585,90.14084507042254,100.0,90.14084507042254,86.36363636363636,2.0307151094276694,1.0089145241657742,,,,,
2025-10-07 16:00:00+00:00,swing,neutral,range,neutral->range,4,1,,,,,,55.77454498940145,0.013303313400118585,90.14084507042254,100.0,90.14084507042254,86.36363636363636,2.0307151094276694,1.0089145241657742,0.005475075466351953,0.025416487250481373,0.21541432584269618,1.0,0.0
2025-10-07 18:15:00+00:00,intraday,range,neutral,range->neutral,9,1,0.008507815266552754,0.01590396657836111,0.5349492671927849,0.0,0.0,55.77454498940145,0.011620721527396504,97.91666666666666,96.42857142857143,97.91666666666666,86.36363636363636,1.0518834611047005,0.8887880004873032,,,,,
2025-10-07 18:15:00+00:00,swing,range,neutral,range->neutral,9,1,,,,,,55.77454498940145,0.011620721527396504,97.91666666666666,96.42857142857143,97.91666666666666,86.36363636363636,1.0518834611047005,0.8887880004873032,0.015254001766111358,0.03315268794068737,0.4601135749053567,0.0,0.0
2025-10-07 18:30:00+00:00,swing,neutral,range,neutral->range,1,1,,,,,,55.77454498940145,0.011620721527396504,97.91666666666666,95.63492063492063,97.91666666666666,86.36363636363636,1.0518834611047005,0.48247361301656283,0.011178613735453036,0.033123808969314814,0.33747971876690136,1.0,0.0
2025-10-07 19:00:00+00:00,intraday,neutral,range,neutral->range,3,1,0.0013870059210185914,0.012940921588378744,0.10717984121503404,1.0,0.0,55.77454498940145,0.010797755254804524,100.0,94.04761904761905,100.0,86.36363636363636,0.8269392860571608,0.5095943025278507,,,,,
2025-10-07 20:00:00+00:00,intraday,range,neutral,range->neutral,4,1,0.011632270168855596,0.019241315763180358,0.6045465035772031,0.0,0.0,52.15550995569135,0.010111839716211863,100.0,77.38095238095238,100.0,91.30434782608695,0.5265076956214664,0.6011271435992146,,,,,
2025-10-07 21:15:00+00:00,intraday,neutral,range,neutral->range,5,1,0.007182351050981195,0.01820075568704365,0.3946182880798711,1.0,0.0,52.15550995569135,0.009490499704651887,100.0,67.06349206349206,100.0,91.30434782608695,0.35190530595103997,0.35757454097874913,,,,,
2025-10-07 23:15:00+00:00,intraday,range,neutral,range->neutral,8,1,0.007066308395963783,0.015154224807414586,0.46629296356395633,0.0,0.0,52.15550995569135,0.008172651027699816,100.0,58.333333333333336,100.0,91.30434782608695,0.7281663011193588,0.943818946264877,,,,,
2025-10-07 23:30:00+00:00,intraday,neutral,range,neutral->range,1,1,0.004877392746671316,0.015194781907024694,0.3209912966514135,1.0,0.0,52.15550995569135,0.008172651027699816,100.0,62.698412698412696,100.0,91.30434782608695,0.7281663011193588,1.0157701800325558,,,,,
2025-10-07 23:30:00+00:00,swing,range,neutral,range->neutral,20,1,,,,,,52.15550995569135,0.008172651027699816,100.0,62.698412698412696,100.0,91.30434782608695,0.7281663011193588,1.0157701800325558,0.015311337248397505,0.03315551172277762,0.4618036776636044,0.0,0.0
2025-10-08 00:00:00+00:00,swing,neutral,range,neutral->range,2,1,,,,,,48.79497742438911,0.0074736639662723765,100.0,76.98412698412699,100.0,91.66666666666666,0.7303602711061783,1.6125040748815695,0.014649126354050246,0.03322954715980826,0.44084640346133047,1.0,0.0
2025-10-08 01:15:00+00:00,intraday,range,neutral,range->neutral,7,1,0.010350354014696306,0.019673931482754693,0.5260948491036954,0.0,0.0,48.79497742438911,0.006882723330394669,98.67549668874173,75.79365079365078,98.67549668874173,91.66666666666666,0.3825469351728967,0.8480107958937585,,,,,
2025-10-08 02:00:00+00:00,intraday,neutral,range,neutral->range,3,1,0.007730906445991947,0.01966528410244518,0.3931245745405085,1.0,0.0,48.79497742438911,0.00633239414217174,98.02631578947368,66.66666666666666,98.02631578947368,91.66666666666666,0.41886648073219307,0.5392234862581983,,,,,
2025-10-08 02:15:00+00:00,intraday,range,neutral,range->neutral,1,1,0.012024645186250793,0.019548942395990615,0.6151046405823463,0.0,0.0,48.79497742438911,0.00633239414217174,98.02631578947368,56.74603174603175,98.02631578947368,91.66666666666666,0.41886648073219307,0.876027269287754,,,,,
2025-10-08 02:30:00+00:00,intraday,neutral,range,neutral->range,1,1,0.006606046128463827,0.017252965353420063,0.3828933747411922,1.0,0.0,48.79497742438911,0.00633239414217174,98.02631578947368,55.55555555555556,98.02631578947368,91.66666666666666,0.41886648073219307,0.9116995924881867,,,,,
2025-10-08 02:45:00+00:00,swing,range,neutral,range->neutral,11,1,,,,,,48.79497742438911,0.00633239414217174,98.02631578947368,54.36507936507936,98.02631578947368,91.66666666666666,0.41886648073219307,0.9927772528722675,0.015177991577453365,0.035669730831118324,0.4255146092723534,0.0,0.0
2025-10-08 03:00:00+00:00,swing,neutral,range,neutral->range,1,1,,,,,,48.79497742438911,0.005692021576685722,98.0392156862745,52.77777777777778,98.0392156862745,91.66666666666666,0.5860602103467765,0.9905368225243906,0.0071711487279668695,0.03580645739428098,0.20027529249828088,1.0,0.0
2025-10-08 04:15:00+00:00,intraday,range,neutral,range->neutral,7,1,0.005763773011239648,0.01257100707484576,0.45849731663685644,0.0,0.0,46.04005730424858,0.005092667825872448,96.75324675324676,64.28571428571429,96.75324675324676,92.0,0.8461296054284451,0.732780131172495,,,,,
2025-10-08 04:45:00+00:00,intraday,neutral,range,neutral->range,2,1,0.0031109706542227222,0.016984823932060647,0.18316178411190492,1.0,0.0,46.04005730424858,0.005092667825872448,96.75324675324676,61.111111111111114,96.75324675324676,92.0,0.8461296054284451,0.3812515748238748,,,,,
2025-10-08 05:00:00+00:00,intraday,range,neutral,range->neutral,1,1,0.007090508520300354,0.017036104491704455,0.416204803378201,0.0,0.0,46.04005730424858,0.004465048008458205,95.48387096774194,63.095238095238095,95.48387096774194,92.0,0.5316196487287778,0.7700160859742874,,,,,
2025-10-08 08:15:00+00:00,intraday,neutral,range,neutral->range,13,1,0.0016993227304540337,0.008252894997507086,0.20590625846654584,1.0,0.0,42.75466036623033,0.003018737691776603,81.0126582278481,25.0,81.0126582278481,92.3076923076923,0.8909889306740943,1.070498815101943,,,,,
2025-10-08 08:15:00+00:00,swing,range,neutral,range->neutral,21,1,,,,,,42.75466036623033,0.003018737691776603,81.0126582278481,25.0,81.0126582278481,92.3076923076923,0.8909889306740943,1.070498815101943,0.029501136981063603,0.04955538115138061,0.5953165185218586,0.0,0.0
2025-10-08 08:30:00+00:00,swing,neutral,trend,neutral->trend,1,1,,,,,,42.75466036623033,0.003018737691776603,81.0126582278481,46.03174603174603,81.0126582278481,92.3076923076923,0.8909889306740943,2.4895229803329237,0.03455855687489018,0.05094900871917752,0.6782969432314407,0.0,1.0
2025-10-08 08:45:00+00:00,swing,trend,neutral,trend->neutral,1,1,,,,,,42.75466036623033,0.003018737691776603,81.0126582278481,47.61904761904761,81.0126582278481,92.3076923076923,0.8909889306740943,1.486981077939599,0.03295937222796963,0.05317829699855435,0.6197899159663874,0.0,0.0
2025-10-08 09:30:00+00:00,intraday,range,neutral,range->neutral,5,1,0.005534466559994344,0.01296805854037384,0.42677680261572765,0.0,0.0,42.75466036623033,0.002675525703546258,46.540880503144656,61.50793650793651,46.540880503144656,92.3076923076923,0.28078029884860795,0.4982514876473032,,,,,
2025-10-08 09:45:00+00:00,intraday,neutral,range,neutral->range,1,1,0.0018062657351390898,0.014963016151583684,0.12071535022355172,1.0,0.0,42.75466036623033,0.002675525703546258,46.540880503144656,68.25396825396825,46.540880503144656,92.3076923076923,0.28078029884860795,0.35116007696215834,,,,,
2025-10-08 10:15:00+00:00,swing,neutral,trend,neutral->trend,6,1,,,,,,42.75466036623033,0.0024153286382756827,26.875,68.65079365079364,26.875,92.3076923076923,0.6551127390626883,0.3880745879805582,0.035285126370039444,0.05303018487035457,0.6653781512605067,0.0,1.0
2025-10-08 10:30:00+00:00,swing,trend,neutral,trend->neutral,1,1,,,,,,42.75466036623033,0.0024153286382756827,26.875,65.87301587301587,26.875,92.3076923076923,0.6551127390626883,0.9502324243883524,0.0321412917479692,0.05295325651402928,0.6069747899159665,0.0,0.0
2025-10-08 10:45:00+00:00,intraday,range,neutral,range->neutral,4,1,0.01110869140104176,0.01860633588736211,0.597038098650418,0.0,0.0,42.75466036623033,0.0024153286382756827,26.875,66.26984126984127,26.875,92.3076923076923,0.6551127390626883,1.9596784191306653,,,,,
2025-10-08 11:15:00+00:00,intraday,neutral,range,neutral->range,2,1,0.007326463846170972,0.019032782142300857,0.38493919550982114,1.0,0.0,42.75466036623033,0.002128105085886937,21.11801242236025,63.095238095238095,21.11801242236025,92.3076923076923,0.4386091666322732,0.5948989841769836,,,,,
2025-10-08 11:45:00+00:00,intraday,range,neutral,range->neutral,2,1,0.008949702493704415,0.019058231007510182,0.4695977549111278,0.0,0.0,42.75466036623033,0.002128105085886937,21.11801242236025,48.41269841269841,21.11801242236025,92.3076923076923,0.4386091666322732,0.30966721332213487,,,,,
2025-10-08 12:00:00+00:00,intraday,neutral,range,neutral->range,1,1,0.007423852075182702,0.019042826318824927,0.389850327408793,1.0,0.0,40.0494607378386,0.0018124115376591708,20.37037037037037,42.06349206349206,20.37037037037037,92.5925925925926,0.7050628032500933,0.5783147103013276,,,,,
2025-10-08 13:15:00+00:00,intraday,range,neutral,range->neutral,5,1,0.013976532292111044,0.024553307168752626,0.5692321688500698,0.0,0.0,40.0494607378386,0.0015032276720229948,20.858895705521473,7.936507936507936,20.858895705521473,92.5925925925926,1.499877453052507,1.5162862641737649,,,,,
2025-10-08 14:45:00+00:00,intraday,neutral,trend,neutral->trend,6,1,0.016491801289411967,0.02717248415200593,0.6069302017862999,0.0,1.0,40.0494607378386,0.0011031158398206254,21.951219512195124,36.11111111111111,21.951219512195124,92.5925925925926,2.122808920457474,1.5189649342229066,,,,,
2025-10-08 15:00:00+00:00,intraday,trend,neutral,trend->neutral,1,1,0.010086759137971413,0.02712232410414687,0.37189877605028304,0.0,0.0,40.0494607378386,0.0007047131709526477,26.666666666666668,40.07936507936508,26.666666666666668,92.5925925925926,1.011614928861135,0.6966917209851354,,,,,
2025-10-08 16:45:00+00:00,intraday,neutral,range,neutral->range,7,1,0.0016257631189742217,0.015123377850923526,0.1074999999999925,1.0,0.0,37.44141808623802,0.0005371567320683511,21.686746987951807,40.476190476190474,21.686746987951807,92.85714285714286,1.1980861923550281,1.5169221536963846,,,,,
2025-10-08 16:45:00+00:00,swing,neutral,trend,neutral->trend,25,1,,,,,,37.44141808623802,0.0005371567320683511,21.686746987951807,40.476190476190474,21.686746987951807,92.85714285714286,1.1980861923550281,1.5169221536963846,0.04870839681074657,0.06515062217131665,0.7476275005120521,0.0,1.0
2025-10-08 19:45:00+00:00,swing,trend,neutral,trend->neutral,12,1,,,,,,37.44141808623802,0.0004602199713845551,39.64497041420118,84.92063492063492,39.64497041420118,92.85714285714286,1.1253418550170253,0.43119419353115424,0.03926011069105506,0.06073833901405674,0.6463810391978138,0.0,0.0
2025-10-08 20:00:00+00:00,swing,neutral,trend,neutral->trend,1,1,,,,,,35.01966419546606,0.0003453607349637193,40.0,83.33333333333334,40.0,93.10344827586206,0.4063060298987274,0.31115679527462137,0.03981547574184352,0.060795023785983775,0.6549134001823175,0.0,1.0
2025-10-08 20:30:00+00:00,swing,trend,neutral,trend->neutral,2,1,,,,,,35.01966419546606,0.0003453607349637193,40.0,81.34920634920636,40.0,93.10344827586206,0.4063060298987274,0.2326835713167439,0.03891331394087527,0.06071211940087044,0.6409480401093917,0.0,0.0
2025-10-08 21:15:00+00:00,intraday,range,neutral,range->neutral,18,1,0.009146806577210564,0.014214362940509267,0.6434904339710673,0.0,0.0,35.01966419546606,0.0003287373641037027,43.27485380116959,41.269841269841265,43.27485380116959,93.10344827586206,0.2533710227818079,0.2656473827870068,,,,,
2025-10-08 22:15:00+00:00,intraday,neutral,trend,neutral->trend,4,1,0.017218481582721434,0.02122478382983053,0.8112441436751684,0.0,1.0,35.01966419546606,0.0002963652906263599,45.93023255813954,9.126984126984127,45.93023255813954,93.10344827586206,0.4091725814068113,0.28272430135102744,,,,,
2025-10-08 23:00:00+00:00,intraday,trend,neutral,trend->neutral,3,1,0.018179924985101237,0.030878844070477692,0.5887501793657651,0.0,0.0,35.01966419546606,0.0002839725063117786,45.08670520231214,3.968253968253968,45.08670520231214,93.10344827586206,0.354121311623448,0.6909464106638312,,,,,
2025-10-08 23:15:00+00:00,intraday,neutral,trend,neutral->trend,1,1,0.020086586582168886,0.03075544807011662,0.6531066150093247,0.0,1.0,35.01966419546606,0.0002839725063117786,45.08670520231214,5.158730158730158,45.08670520231214,93.10344827586206,0.354121311623448,0.45672725670754083,,,,,
2025-10-08 23:45:00+00:00,intraday,trend,neutral,trend->neutral,2,1,0.016554272027434314,0.02946492491802417,0.5618297712785892,0.0,0.0,35.01966419546606,0.0002839725063117786,45.08670520231214,7.936507936507936,45.08670520231214,93.10344827586206,0.354121311623448,0.4474632754328065,,,,,
2025-10-09 01:30:00+00:00,intraday,neutral,range,neutral->range,7,1,0.003790237673887198,0.01866669653457582,0.20304812192487803,1.0,0.0,33.82990421237465,2.522292527548854e-06,38.857142857142854,50.0,38.857142857142854,93.33333333333333,2.1496019341093593,2.286818385262759,,,,,
2025-10-09 02:30:00+00:00,swing,neutral,range,neutral->range,24,1,,,,,,33.82990421237465,0.0004894049210479496,49.43181818181818,84.12698412698413,49.43181818181818,93.33333333333333,2.0618670314824183,2.3471891439694916,0.012112604707542607,0.04408571997177636,0.27475120549913057,1.0,0.0
2025-10-09 03:00:00+00:00,swing,range,neutral,range->neutral,2,1,,,,,,33.82990421237465,0.0007785478111343953,50.282485875706215,91.26984126984127,50.282485875706215,93.33333333333333,0.7748551885110434,1.0535006949531913,0.017383808958618685,0.04398753528547662,0.39519852262234595,0.0,0.0
2025-10-09 03:15:00+00:00,intraday,range,neutral,range->neutral,7,1,0.0037042458087980235,0.00923246675749012,0.4012195121951397,0.0,0.0,33.82990421237465,0.0007785478111343953,50.282485875706215,92.85714285714286,50.282485875706215,93.33333333333333,0.7748551885110434,0.6539239334145859,,,,,
2025-10-09 03:15:00+00:00,swing,neutral,range,neutral->range,1,1,,,,,,33.82990421237465,0.0007785478111343953,50.282485875706215,92.85714285714286,50.282485875706215,93.33333333333333,0.7748551885110434,0.6539239334145859,0.014386885393562143,0.04389700170012488,0.32774186929311816,1.0,0.0
2025-10-09 03:45:00+00:00,swing,range,neutral,range->neutral,2,1,,,,,,33.82990421237465,0.0007785478111343953,50.282485875706215,91.66666666666666,50.282485875706215,93.33333333333333,0.7748551885110434,0.551941912434798,0.023292441808214215,0.0437988676193043,0.5318046578434404,0.0,0.0
2025-10-09 04:15:00+00:00,intraday,neutral,trend,neutral->trend,4,1,0.026213354811353118,0.02773670879260177,0.9450780554881505,0.0,1.0,32.72512708521834,0.0010346992026692245,51.68539325842697,87.3015873015873,51.68539325842697,96.7741935483871,0.725673126840023,0.8501905449107912,,,,,
2025-10-09 07:00:00+00:00,intraday,trend,neutral,trend->neutral,11,1,0.015389584137932677,0.02653765976235808,0.5799148936170241,0.0,0.0,32.72512708521834,0.0019559687002007084,65.74585635359117,23.809523809523807,65.74585635359117,96.7741935483871,0.799891168811281,0.389284852014124,,,,,
2025-10-09 07:30:00+00:00,intraday,neutral,range,neutral->range,2,1,0.007385069571792968,0.026601645453269398,0.27761702127660254,1.0,0.0,32.72512708521834,0.0019559687002007084,65.74585635359117,27.380952380952383,65.74585635359117,96.7741935483871,0.799891168811281,1.5204112200705362,,,,,
2025-10-09 07:45:00+00:00,intraday,range,neutral,range->neutral,1,1,0.012097320742782358,0.024102019608728955,0.501921454681792,0.0,0.0,32.72512708521834,0.0019559687002007084,65.74585635359117,23.015873015873016,65.74585635359117,96.7741935483871,0.799891168811281,1.235632107927093,,,,,
2025-10-09 08:00:00+00:00,intraday,neutral,range,neutral->range,1,1,0.0048843625464083384,0.019417100945763415,0.25154952637118655,1.0,0.0,32.74622045011899,0.0027602386376063353,80.76923076923077,30.555555555555557,80.76923076923077,96.875,3.110803213561387,1.2699032922645714,,,,,
2025-10-09 08:15:00+00:00,intraday,range,neutral,range->neutral,1,1,0.01003126418350253,0.01658591429881366,0.6048062230865411,0.0,0.0,32.74622045011899,0.0027602386376063353,80.76923076923077,80.15873015873017,80.76923076923077,96.875,3.110803213561387,6.635310885549573,,,,,
2025-10-09 08:15:00+00:00,swing,neutral,range,neutral->range,18,1,,,,,,32.74622045011899,0.0027602386376063353,80.76923076923077,80.15873015873017,80.76923076923077,96.875,3.110803213561387,6.635310885549573,0.0012487242047447555,0.034259278458585854,0.0364492266308008,1.0,0.0
2025-10-09 08:30:00+00:00,intraday,neutral,trend,neutral->trend,1,1,0.01513126359647532,0.021606872902916612,0.7002986348122932,0.0,1.0,32.74622045011899,0.0027602386376063353,80.76923076923077,86.90476190476191,80.76923076923077,96.875,3.110803213561387,3.4363562953874616,,,,,
2025-10-09 09:00:00+00:00,intraday,trend,neutral,trend->neutral,2,1,0.009869783278884547,0.0205862053098975,0.47943674564147754,0.0,0.0,32.74622045011899,0.00343754946461083,83.60655737704919,92.85714285714286,83.60655737704919,96.875,1.4523470281317608,0.9034848235249295,,,,,
2025-10-09 09:30:00+00:00,intraday,neutral,range,neutral->range,2,1,0.006904103273397855,0.020627017058552438,0.3347116674117083,1.0,0.0,32.74622045011899,0.00343754946461083,83.60655737704919,93.25396825396825,83.60655737704919,96.875,1.4523470281317608,1.4836846134042037,,,,,
2025-10-09 11:15:00+00:00,intraday,range,neutral,range->neutral,7,1,0.01340684812201276,0.024694659891236665,0.5429047486809238,0.0,0.0,32.74622045011899,0.004382077942695268,87.02702702702703,89.28571428571429,87.02702702702703,96.875,0.8084334025989156,0.5101289019861364,,,,,
2025-10-09 11:30:00+00:00,intraday,neutral,trend,neutral->trend,1,1,0.020465742176808632,0.02781224340844825,0.7358536985402591,0.0,1.0,32.74622045011899,0.004382077942695268,87.02702702702703,86.5079365079365,87.02702702702703,96.875,0.8084334025989156,0.5930495022658288,,,,,
2025-10-09 11:45:00+00:00,intraday,trend,neutral,trend->neutral,1,1,0.013322509461359933,0.02788442848812625,0.47777595538789547,0.0,0.0,32.74622045011899,0.004382077942695268,87.02702702702703,84.52380952380952,87.02702702702703,96.875,0.8084334025989156,0.3939836321037178,,,,,
2025-10-09 12:15:00+00:00,intraday,neutral,trend,neutral->trend,2,1,0.017297107416337276,0.027814971361574212,0.621863211415447,0.0,1.0,33.03608703597851,0.0046107573188470755,88.70967741935483,77.77777777777779,88.70967741935483,100.0,1.1074875678837885,0.34364636715635816,,,,,
2025-10-09 12:30:00+00:00,swing,range,neutral,range->neutral,17,1,,,,,,33.03608703597851,0.0046107573188470755,88.70967741935483,76.5873015873016,88.70967741935483,100.0,1.1074875678837885,1.2296895715639173,0.014980635729236358,0.032812563847610214,0.4565518195655231,0.0,0.0
2025-10-09 12:45:00+00:00,swing,neutral,range,neutral->range,1,1,,,,,,33.03608703597851,0.0046107573188470755,88.70967741935483,74.60317460317461,88.70967741935483,100.0,1.1074875678837885,0.5866050483818058,0.012676046744483305,0.032315631974607024,0.3922574299163912,1.0,0.0
2025-10-09 13:30:00+00:00,intraday,trend,neutral,trend->neutral,5,1,0.011740061127073265,0.027999404755090895,0.4192968111201967,0.0,0.0,33.03608703597851,0.005150602220399437,89.3048128342246,72.61904761904762,89.3048128342246,100.0,1.3201261081888613,1.8276943225071092,,,,,
2025-10-09 13:45:00+00:00,intraday,neutral,range,neutral->range,1,1,0.0037717114744152402,0.025229784798692548,0.14949439737633993,1.0,0.0,33.03608703597851,0.005150602220399437,89.3048128342246,71.42857142857143,89.3048128342246,100.0,1.3201261081888613,1.2997208889849499,,,,,
2025-10-09 14:00:00+00:00,intraday,range,neutral,range->neutral,1,1,0.00943955231905047,0.025113418760595363,0.3758768333788867,0.0,0.0,33.03608703597851,0.005635693430348084,89.36170212765957,71.03174603174604,89.36170212765957,100.0,1.8926381399065189,1.9302072316226435,,,,,
2025-10-09 14:15:00+00:00,intraday,neutral,range,neutral->range,1,1,0.003666926944772664,0.022674138721320368,0.16172287687931874,1.0,0.0,33.03608703597851,0.005635693430348084,89.36170212765957,71.42857142857143,89.36170212765957,100.0,1.8926381399065189,0.8926101050302663,,,,,
2025-10-09 14:45:00+00:00,intraday,range,neutral,range->neutral,2,1,0.008432914142623149,0.022656552079689106,0.37220642015441363,0.0,0.0,33.03608703597851,0.005635693430348084,89.36170212765957,71.82539682539682,89.36170212765957,100.0,1.8926381399065189,1.1061753301230601,,,,,
2025-10-09 14:45:00+00:00,swing,range,neutral,range->neutral,8,1,,,,,,33.03608703597851,0.005635693430348084,89.36170212765957,71.82539682539682,89.36170212765957,100.0,1.8926381399065189,1.1061753301230601,0.014851963690596715,0.029591150963893066,0.5019055767286295,0.0,0.0
2025-10-09 15:00:00+00:00,intraday,neutral,range,neutral->range,1,1,0.006337977964258168,0.0206835173477999,0.30642650655993464,1.0,0.0,33.03608703597851,0.006259331610503372,89.41798941798942,71.03174603174604,89.41798941798942,100.0,1.4762554080117236,0.8483483442879561,,,,,
2025-10-09 15:15:00+00:00,swing,neutral,trend,neutral->trend,2,1,,,,,,33.03608703597851,0.006259331610503372,89.41798941798942,74.60317460317461,89.41798941798942,100.0,1.4762554080117236,1.0741612449849889,0.03567440071548045,0.05384408639521044,0.6625500236671076,0.0,1.0
2025-10-09 15:30:00+00:00,intraday,range,neutral,range->neutral,2,1,0.008065811808590784,0.01759390127763006,0.4584436209634802,0.0,0.0,33.03608703597851,0.006259331610503372,89.41798941798942,77.77777777777779,89.41798941798942,100.0,1.4762554080117236,2.0538600048499247,,,,,
2025-10-09 15:30:00+00:00,swing,trend,neutral,trend->neutral,1,1,,,,,,33.03608703597851,0.006259331610503372,89.41798941798942,77.77777777777779,89.41798941798942,100.0,1.4762554080117236,2.0538600048499247,0.036203014434170844,0.07452959133064936,0.4857535616095992,0.0,0.0
2025-10-09 15:45:00+00:00,intraday,neutral,range,neutral->range,1,1,0.005379172566915225,0.018371693639783054,0.2927967705310985,1.0,0.0,33.03608703597851,0.006259331610503372,89.41798941798942,80.55555555555556,89.41798941798942,100.0,1.4762554080117236,0.8292926955320294,,,,,
2025-10-09 15:45:00+00:00,swing,neutral,trend,neutral->trend,1,1,,,,,,33.03608703597851,0.006259331610503372,89.41798941798942,80.55555555555556,89.41798941798942,100.0,1.4762554080117236,0.8292926955320294,0.04905916626301632,0.0741820575277128,0.6613346663334178,0.0,1.0
2025-10-09 16:00:00+00:00,swing,trend,neutral,trend->neutral,1,1,,,,,,33.551793560935856,0.007034329508925746,90.52631578947368,83.33333333333334,90.52631578947368,100.0,1.4131285933294735,0.5120117524954371,0.04757614777485464,0.07412828398858708,0.6418082979255196,0.0,0.0
2025-10-09 16:30:00+00:00,intraday,range,neutral,range->neutral,3,1,0.008790294659599684,0.019151363622632898,0.4589905362776063,0.0,0.0,33.551793560935856,0.007034329508925746,90.52631578947368,85.31746031746032,90.52631578947368,100.0,1.4131285933294735,1.1504410440923067,,,,,
2025-10-09 17:00:00+00:00,swing,neutral,trend,neutral->trend,4,1,,,,,,33.551793560935856,0.007350085989998262,89.52879581151832,88.88888888888889,89.52879581151832,100.0,0.89736702761305,1.0687138533993448,0.04920949810214492,0.07435317292548421,0.661834541364658,0.0,1.0
2025-10-09 17:15:00+00:00,swing,trend,neutral,trend->neutral,1,1,,,,,,33.551793560935856,0.007350085989998262,89.52879581151832,88.4920634920635,89.52879581151832,100.0,0.89736702761305,0.5491826618644665,0.04564495731900098,0.07440813821576685,0.6134403899025257,0.0,0.0
2025-10-09 17:30:00+00:00,swing,neutral,trend,neutral->trend,1,1,,,,,,33.551793560935856,0.007350085989998262,89.52879581151832,84.12698412698413,89.52879581151832,100.0,0.89736702761305,0.5470161466127268,0.05114358985050971,0.07414974969131297,0.6897338165458636,0.0,1.0
2025-10-09 18:30:00+00:00,intraday,neutral,trend,neutral->trend,8,1,0.01576337312061904,0.01851198953438194,0.8515223656183495,0.0,1.0,33.551793560935856,0.007893767094207743,88.02083333333334,62.698412698412696,88.02083333333334,100.0,0.6049035952459441,0.4913859193180704,,,,,
2025-10-09 19:00:00+00:00,intraday,trend,neutral,trend->neutral,2,1,0.010835881069146458,0.01573771705899098,0.6885294117647016,0.0,0.0,33.551793560935856,0.00816710291978488,82.38341968911918,46.42857142857143,82.38341968911918,100.0,0.4096170641609681,0.3904506478961941,,,,,
2025-10-09 21:30:00+00:00,swing,trend,neutral,trend->neutral,16,1,,,,,,33.24583743652625,0.008621072324167488,76.41025641025641,51.19047619047619,76.41025641025641,97.14285714285714,0.5049989761291587,0.755422931218036,0.12368414400709604,0.22028710420913067,0.5614679281891863,0.0,0.0
2025-10-09 21:45:00+00:00,intraday,neutral,range,neutral->range,11,1,0.0035636839267070286,0.009364709661874639,0.38054398431755926,1.0,0.0,33.24583743652625,0.008621072324167488,76.41025641025641,31.349206349206348,76.41025641025641,97.14285714285714,0.5049989761291587,0.8702025809064314,,,,,
2025-10-09 22:45:00+00:00,intraday,range,neutral,range->neutral,4,1,0.004257817229083916,0.00973770109848946,0.43725076237392163,0.0,0.0,33.24583743652625,0.008662765468224065,76.0204081632653,59.12698412698413,76.0204081632653,97.14285714285714,0.3916086705459948,0.5749246640120992,,,,,
2025-10-09 23:00:00+00:00,intraday,neutral,range,neutral->range,1,1,0.0029718498506060564,0.010605245383673077,0.28022452504317025,1.0,0.0,33.24583743652625,0.00879511782024287,73.60406091370558,60.71428571428571,73.60406091370558,97.14285714285714,0.32007326715467715,1.0903064844074077,,,,,
2025-10-09 23:30:00+00:00,intraday,range,neutral,range->neutral,2,1,0.004242798919265711,0.01060585245225986,0.4000431778929355,0.0,0.0,33.24583743652625,0.00879511782024287,73.60406091370558,56.74603174603175,73.60406091370558,97.14285714285714,0.32007326715467715,0.39402542228456744,,,,,
2025-10-10 00:00:00+00:00,intraday,neutral,range,neutral->range,2,1,0.0022030618437475225,0.011599280913286054,0.18993089832181217,1.0,0.0,32.752453445084235,0.008813253827188757,65.65656565656566,36.904761904761905,65.65656565656566,94.44444444444444,0.4298379103844554,0.7942861158859187,,,,,
2025-10-10 00:15:00+00:00,intraday,range,neutral,range->neutral,1,1,0.0079460861590267,0.011555247314232128,0.6876604146100602,0.0,0.0,32.752453445084235,0.008813253827188757,65.65656565656566,43.25396825396825,65.65656565656566,94.44444444444444,0.4298379103844554,1.921313133751929,,,,,
2025-10-10 01:15:00+00:00,swing,neutral,trend,neutral->trend,15,1,,,,,,32.752453445084235,0.008894634489925335,60.30150753768844,23.41269841269841,60.30150753768844,94.44444444444444,0.4504209707492439,1.085125325235223,0.14282234177460162,0.21804927247849074,0.6550003132374139,0.0,1.0
2025-10-10 01:30:00+00:00,intraday,neutral,range,neutral->range,5,1,0.003573633308183055,0.014921005098657937,0.239503524364083,1.0,0.0,32.752453445084235,0.008894634489925335,60.30150753768844,17.46031746031746,60.30150753768844,94.44444444444444,0.4504209707492439,1.0061208797738752,,,,,
2025-10-10 02:00:00+00:00,swing,trend,neutral,trend->neutral,3,1,,,,,,32.752453445084235,0.009042807032561098,50.0,11.507936507936508,50.0,94.44444444444444,0.6375541215657378,1.191253147088121,0.13535988786998776,0.21931998277741646,0.6171799129099962,0.0,0.0
2025-10-10 02:45:00+00:00,intraday,range,neutral,range->neutral,5,1,0.007154998979168048,0.016477831890787036,0.4342196853682254,0.0,0.0,32.752453445084235,0.009042807032561098,50.0,4.761904761904762,50.0,94.44444444444444,0.6375541215657378,2.8883508483460094,,,,,
2025-10-10 03:00:00+00:00,intraday,neutral,range,neutral->range,1,1,0.006321948620676143,0.017774021912108275,0.355684754521958,1.0,0.0,32.752453445084235,0.009227297534091588,38.308457711442784,5.952380952380952,38.308457711442784,94.44444444444444,0.8960797410526887,1.2620261606441106,,,,,
2025-10-10 03:15:00+00:00,intraday,range,neutral,range->neutral,1,1,0.011185845883901147,0.017683506360579155,0.6325581395348797,0.0,0.0,32.752453445084235,0.009227297534091588,38.308457711442784,6.746031746031746,38.308457711442784,94.44444444444444,0.8960797410526887,1.1017886540546136,,,,,
2025-10-10 03:45:00+00:00,intraday,neutral,range,neutral->range,2,1,0.005461074317998249,0.014241580076970498,0.38345986108866886,1.0,0.0,32.752453445084235,0.009227297534091588,38.308457711442784,13.492063492063492,38.308457711442784,94.44444444444444,0.8960797410526887,3.0236433605125668,,,,,
2025-10-10 04:00:00+00:00,intraday,range,neutral,range->neutral,1,1,0.007376584508254291,0.014631526521506623,0.5041568627450889,0.0,0.0,32.609497032642494,0.009387742838637603,38.11881188118812,15.476190476190476,38.11881188118812,86.48648648648648,0.8675916170792555,2.265668594497511,,,,,
2025-10-10 04:15:00+00:00,intraday,neutral,range,neutral->range,1,1,0.0030930490334508676,0.014660362519144708,0.2109803921568599,1.0,0.0,32.609497032642494,0.009387742838637603,38.11881188118812,17.857142857142858,38.11881188118812,86.48648648648648,0.8675916170792555,1.2955384755300992,,,,,
2025-10-10 05:45:00+00:00,intraday,range,neutral,range->neutral,6,1,0.010580678243909625,0.01459364426761653,0.7250196078431412,0.0,0.0,32.609497032642494,0.009368268284003545,38.42364532019704,30.952380952380953,38.42364532019704,86.48648648648648,0.5767697185932643,0.6004869031972359,,,,,
2025-10-10 06:30:00+00:00,intraday,neutral,range,neutral->range,3,1,0.0037275764774057363,0.009441967314144208,0.39478811495373206,1.0,0.0,32.609497032642494,0.009659401914671833,39.705882352941174,19.841269841269842,39.705882352941174,86.48648648648648,0.8265377759899413,1.1080459475543676,,,,,
2025-10-10 07:45:00+00:00,intraday,range,neutral,range->neutral,5,1,0.004540418514175304,0.008761643062504217,0.518215417106654,0.0,0.0,32.609497032642494,0.009875042430673536,40.0,48.41269841269841,40.0,86.48648648648648,0.8573492526702988,1.2771008032788809,,,,,
2025-10-10 08:00:00+00:00,intraday,neutral,range,neutral->range,1,1,0.00303822756185701,0.00781291547299468,0.3888724474696488,1.0,0.0,32.49781986609382,0.009906605446539447,32.5242718446602,55.55555555555556,32.5242718446602,81.57894736842105,0.6299890814825422,1.085482413219373,,,,,
2025-10-10 09:30:00+00:00,intraday,range,neutral,range->neutral,6,1,0.00783470206484238,0.01648235234511372,0.475338829118341,0.0,0.0,32.49781986609382,0.010140478458969357,32.850241545893724,21.428571428571427,32.850241545893724,81.57894736842105,0.7697655461721868,0.8762224455315739,,,,,
2025-10-10 10:00:00+00:00,intraday,neutral,range,neutral->range,2,1,0.006067052023121411,0.015648554913294865,0.3877068557919573,1.0,0.0,32.49781986609382,0.010158938299334367,32.69230769230769,27.380952380952383,32.69230769230769,81.57894736842105,0.647144379997528,0.4920985391670144,,,,,
2025-10-10 10:45:00+00:00,intraday,range,neutral,range->neutral,3,1,0.014400548943215186,0.02563730603353991,0.5617028920423917,0.0,0.0,32.49781986609382,0.010158938299334367,32.69230769230769,17.857142857142858,32.69230769230769,81.57894736842105,0.647144379997528,0.7267308210068382,,,,,
2025-10-10 11:15:00+00:00,intraday,neutral,trend,neutral->trend,2,1,0.03990320623576982,0.052876707904747244,0.7546461914318094,0.0,1.0,32.49781986609382,0.010213219871211423,31.57894736842105,5.952380952380952,31.57894736842105,81.57894736842105,0.4631389553569875,0.41729258446463174,,,,,
2025-10-10 15:30:00+00:00,intraday,trend,neutral,trend->neutral,17,1,0.02722271748820404,0.04633515252984268,0.5875175973721241,0.0,0.0,34.237054896819544,0.012267940837631634,81.69014084507043,100.0,81.69014084507043,92.3076923076923,8.886591472676328,6.842666256118114,,,,,
2025-10-10 16:45:00+00:00,intraday,neutral,trend,neutral->trend,5,1,0.05784633206700418,0.0639183838364173,0.9050030459945145,0.0,1.0,36.379453306285704,0.013282367321868035,91.58878504672897,100.0,91.58878504672897,100.0,2.8725747331043183,0.7403457027943191,,,,,
2025-10-10 17:30:00+00:00,intraday,trend,neutral,trend->neutral,3,1,0.06894943724212022,0.16348787812202448,0.42174036408165744,0.0,0.0,36.379453306285704,0.014367414641279799,95.81395348837209,100.0,95.81395348837209,100.0,1.1009440933727115,0.25113126927923224,,,,,
2025-10-10 22:00:00+00:00,intraday,neutral,trend,neutral->trend,18,1,0.030850902705935934,0.04922333661061067,0.6267535853976547,0.0,1.0,39.48308621475043,0.02312969994436731,100.0,99.20634920634922,100.0,100.0,3.5422094735223353,2.447621293608909,,,,,
2025-10-10 22:15:00+00:00,intraday,trend,neutral,trend->neutral,1,1,0.015612919574588102,0.0495822677778611,0.31488917861799276,0.0,0.0,39.48308621475043,0.02312969994436731,100.0,98.80952380952381,100.0,100.0,3.5422094735223353,1.7139792626130845,,,,,
2025-10-10 23:30:00+00:00,intraday,neutral,trend,neutral->trend,5,1,0.031767637152216976,0.044853555627329456,0.7082523716996219,0.0,1.0,39.48308621475043,0.025115164986806892,100.0,96.42857142857143,100.0,100.0,1.754399769619654,0.5914133236688964,,,,,
2025-10-10 23:45:00+00:00,intraday,trend,neutral,trend->neutral,1,1,0.009781393940026861,0.039726141858934944,0.2462205863020869,0.0,0.0,39.48308621475043,0.025115164986806892,100.0,96.03174603174604,100.0,100.0,1.754399769619654,0.691201514092802,,,,,
2025-10-11 00:45:00+00:00,intraday,neutral,range,neutral->range,4,1,0.004673725016152264,0.035407244534294904,0.1319991170627622,1.0,0.0,42.36503105832482,0.026715677110524878,100.0,91.66666666666666,100.0,100.0,0.9189001354312556,0.259281136941956,,,,,
2025-10-11 01:15:00+00:00,swing,neutral,range,neutral->range,93,1,,,,,,42.36503105832482,0.029598576299074277,100.0,88.88888888888889,100.0,100.0,0.9219864189242781,0.46929354022516667,0.011683961975994528,0.05809842788427067,0.20110633628965774,1.0,0.0
2025-10-11 01:45:00+00:00,intraday,range,neutral,range->neutral,4,1,0.01503207574966181,0.03534894933504768,0.42524816246116376,0.0,0.0,42.36503105832482,0.029598576299074277,100.0,87.3015873015873,100.0,100.0,0.9219864189242781,0.4679410067409847,,,,,
2025-10-11 02:00:00+00:00,intraday,neutral,range,neutral->range,1,1,0.006754376438615983,0.027933981930056456,0.24179783804285976,1.0,0.0,42.36503105832482,0.030150666857031282,100.0,86.90476190476191,100.0,100.0,0.8039255971269574,0.36755099450601736,,,,,
2025-10-11 02:00:00+00:00,swing,range,neutral,range->neutral,3,1,,,,,,42.36503105832482,0.030150666857031282,100.0,86.90476190476191,100.0,100.0,0.8039255971269574,0.36755099450601736,0.01629526425504524,0.057939305967955185,0.28124714272652424,0.0,0.0
2025-10-11 02:30:00+00:00,intraday,range,trend,range->trend,2,1,0.017909495998942426,0.026212306200796814,0.6832476265822807,0.0,1.0,42.36503105832482,0.030150666857031282,100.0,83.73015873015873,100.0,100.0,0.8039255971269574,0.579368019957626,,,,,
2025-10-11 03:00:00+00:00,intraday,trend,range,trend->range,2,1,0.004819575866771841,0.02030711276541302,0.23733437256430212,1.0,0.0,42.36503105832482,0.03208536391596547,100.0,81.74603174603175,100.0,100.0,0.5607849615413463,0.5923797910914586,,,,,
2025-10-11 03:00:00+00:00,swing,neutral,range,neutral->range,4,1,,,,,,42.36503105832482,0.03208536391596547,100.0,81.74603174603175,100.0,100.0,0.5607849615413463,0.5923797910914586,0.008357097069476294,0.05642887102688354,0.14809966808470787,1.0,0.0
2025-10-11 03:45:00+00:00,intraday,range,neutral,range->neutral,3,1,0.008820597743825598,0.02591594458185889,0.3403540903540924,0.0,0.0,42.36503105832482,0.03208536391596547,100.0,80.55555555555556,100.0,100.0,0.5607849615413463,0.4285621647252994,,,,,
2025-10-11 04:00:00+00:00,intraday,neutral,range,neutral->range,1,1,0.0073025943427270645,0.025872349387282376,0.28225478225478406,1.0,0.0,45.041122698786744,0.033124458586666204,99.5575221238938,80.55555555555556,99.5575221238938,100.0,0.4586760483364785,0.7342317876974493,,,,,
2025-10-11 05:15:00+00:00,intraday,range,neutral,range->neutral,5,1,0.015307732911758354,0.03002129979124621,0.509895741297048,0.0,0.0,45.041122698786744,0.03474138781580507,99.11894273127754,69.84126984126983,99.11894273127754,100.0,0.35948379635296357,0.8773326534568479,,,,,
2025-10-11 07:00:00+00:00,swing,range,neutral,range->neutral,16,1,,,,,,45.041122698786744,0.03761976331659683,97.37991266375546,54.36507936507936,97.37991266375546,100.0,0.5669819335994375,1.3461110194821757,0.015859425529884508,0.05670215134711012,0.2796970688607357,0.0,0.0
2025-10-11 07:45:00+00:00,intraday,neutral,trend,neutral->trend,10,1,0.021597260835211074,0.02876176236628073,0.7509018592174644,0.0,1.0,45.041122698786744,0.03761976331659683,97.37991266375546,43.25396825396825,97.37991266375546,100.0,0.5669819335994375,1.204918986026287,,,,,
2025-10-11 08:15:00+00:00,intraday,trend,neutral,trend->neutral,2,1,0.011615822776484208,0.018493231777102482,0.628112106985348,0.0,0.0,47.192252532285,0.037956575247226815,96.08695652173913,44.44444444444444,96.08695652173913,100.0,0.512476298188854,1.6652408409663884,,,,,
2025-10-11 08:15:00+00:00,swing,neutral,range,neutral->range,5,1,,,,,,47.192252532285,0.037956575247226815,96.08695652173913,44.44444444444444,96.08695652173913,100.0,0.512476298188854,1.6652408409663884,0.010473972927108388,0.05627951642395776,0.18610630639053793,1.0,0.0
2025-10-11 08:30:00+00:00,intraday,neutral,range,neutral->range,1,1,0.004557023200107091,0.01805474206198071,0.2524003491416928,1.0,0.0,47.192252532285,0.037956575247226815,96.08695652173913,46.03174603174603,96.08695652173913,100.0,0.512476298188854,1.1783809976457686,,,,,
2025-10-11 09:30:00+00:00,intraday,range,neutral,range->neutral,4,1,0.007810096015938406,0.018559082920010957,0.4208233806379153,0.0,0.0,47.192252532285,0.03855654216177207,94.8051948051948,57.53968253968254,94.8051948051948,100.0,0.39795872741986654,0.9570128266412499,,,,,
2025-10-11 09:45:00+00:00,intraday,neutral,range,neutral->range,1,1,0.0007886414736628655,0.018585302543238084,0.04243360966699449,1.0,0.0,47.192252532285,0.03855654216177207,94.8051948051948,58.730158730158735,94.8051948051948,100.0,0.39795872741986654,0.6156516936253046,,,,,
2025-10-11 10:15:00+00:00,intraday,range,neutral,range->neutral,2,1,0.012931012116337626,0.0184650909373945,0.7002950681466968,0.0,0.0,47.192252532285,0.039153274594492624,93.96551724137932,65.07936507936508,93.96551724137932,100.0,0.28090591392236525,0.7787954145009793,,,,,
2025-10-11 10:45:00+00:00,intraday,neutral,range,neutral->range,2,1,0.005135775935146802,0.01537081136913157,0.33412523332767874,1.0,0.0,47.192252532285,0.039153274594492624,93.96551724137932,66.26984126984127,93.96551724137932,100.0,0.28090591392236525,0.4021057303330612,,,,,
2025-10-11 11:00:00+00:00,intraday,range,neutral,range->neutral,1,1,0.00790230827132743,0.018094266433417817,0.43672996086389626,0.0,0.0,47.192252532285,0.039633708640210236,93.13304721030042,66.66666666666666,93.13304721030042,100.0,0.3478354749993848,0.803740716232125,,,,,
2025-10-11 11:15:00+00:00,intraday,neutral,range,neutral->range,1,1,0.004040631227671954,0.01804292222634852,0.22394549934773622,1.0,0.0,47.192252532285,0.039633708640210236,93.13304721030042,67.06349206349206,93.13304721030042,100.0,0.3478354749993848,0.9562514496037822,,,,,
2025-10-11 14:45:00+00:00,swing,range,neutral,range->neutral,26,1,,,,,,49.1897302348191,0.04141859125254541,77.96610169491525,25.0,77.96610169491525,100.0,0.1976624702505219,0.44969658505827026,0.04220806460070281,0.10066593256777308,0.4192884675487036,0.0,0.0
2025-10-11 15:00:00+00:00,intraday,range,trend,range->trend,15,1,0.015076998339812797,0.020986536349773894,0.7184128952262863,0.0,1.0,49.1897302348191,0.04167458357276814,68.77637130801688,26.190476190476193,68.77637130801688,100.0,0.2885919340609201,1.2993293488885005,,,,,
2025-10-11 15:30:00+00:00,intraday,trend,neutral,trend->neutral,2,1,0.017088622512983376,0.02850984592740809,0.5993937167003484,0.0,0.0,49.1897302348191,0.04167458357276814,68.77637130801688,17.46031746031746,68.77637130801688,100.0,0.2885919340609201,0.6838874249515953,,,,,
2025-10-11 16:00:00+00:00,intraday,neutral,trend,neutral->trend,2,1,0.02452235931073976,0.030446665625488,0.8054201932119364,0.0,1.0,51.153885148847415,0.04207610233169543,67.64705882352942,18.253968253968253,67.64705882352942,100.0,0.23009093755477655,0.8048443587841232,,,,,
2025-10-11 17:15:00+00:00,intraday,trend,neutral,trend->neutral,5,1,0.02909358288072883,0.05018499638872454,0.5797267106562051,0.0,0.0,51.153885148847415,0.04228768547559432,47.69874476987448,13.095238095238097,47.69874476987448,100.0,0.2562956403679997,0.8237788032693153,,,,,
2025-10-11 19:00:00+00:00,swing,neutral,trend,neutral->trend,17,1,,,,,,51.153885148847415,0.043792228090229514,48.96265560165975,30.952380952380953,48.96265560165975,100.0,1.1177421173075859,2.4379575316808286,0.09115191545574652,0.13914663143989434,0.6550781324168837,0.0,1.0
2025-10-11 19:15:00+00:00,intraday,neutral,range,neutral->range,8,1,0.005718015596517745,0.03366332430302561,0.1698589106959896,1.0,0.0,51.153885148847415,0.043792228090229514,48.96265560165975,44.84126984126984,48.96265560165975,100.0,1.1177421173075859,2.690346039597647,,,,,
2025-10-11 20:30:00+00:00,intraday,range,neutral,range->neutral,5,1,0.009023721120436479,0.032671720167150045,0.27619363395225627,0.0,0.0,53.136986964981226,0.045362617179456534,62.8099173553719,79.36507936507937,62.8099173553719,100.0,1.435538858328849,3.02094626604133,,,,,
2025-10-11 20:45:00+00:00,intraday,neutral,range,neutral->range,1,1,0.0015858625495581702,0.03264820102025625,0.048574270557030286,1.0,0.0,53.136986964981226,0.045362617179456534,62.8099173553719,82.93650793650794,62.8099173553719,100.0,1.435538858328849,2.291108023856643,,,,,
2025-10-11 21:00:00+00:00,intraday,range,neutral,range->neutral,1,1,0.01566359895085756,0.02680324765699683,0.5843918300985657,0.0,0.0,53.136986964981226,0.04536398030919561,62.55144032921811,83.33333333333334,62.55144032921811,100.0,1.0989729228064509,2.2692931696548344,,,,,
2025-10-11 21:15:00+00:00,intraday,neutral,range,neutral->range,1,1,0.0007063000351807958,0.0185920727891869,0.037989310992345926,1.0,0.0,53.136986964981226,0.04536398030919561,62.55144032921811,84.12698412698413,62.55144032921811,100.0,1.0989729228064509,1.7987467255739866,,,,,
2025-10-11 23:15:00+00:00,intraday,range,neutral,range->neutral,8,1,0.009286835110641434,0.02582434004760849,0.3596155833419451,0.0,0.0,53.136986964981226,0.04593575894160733,66.93877551020408,71.82539682539682,66.93877551020408,100.0,0.34028281324059045,0.26124640015848427,,,,,
2025-10-12 00:00:00+00:00,intraday,neutral,trend,neutral->trend,3,1,0.020278650625905836,0.03334592377691878,0.608129820051416,0.0,1.0,54.23548410272288,0.047007004657478806,71.13821138211382,54.36507936507936,71.13821138211382,100.0,1.0761769342711294,0.5746803373356776,,,,,
2025-10-12 00:30:00+00:00,intraday,trend,neutral,trend->neutral,2,1,0.02017816260088412,0.03432005389432106,0.587940877453661,0.0,0.0,54.23548410272288,0.047007004657478806,71.13821138211382,51.587301587301596,71.13821138211382,100.0,1.0761769342711294,1.4858231334251857,,,,,
2025-10-12 00:45:00+00:00,intraday,neutral,trend,neutral->trend,1,1,0.02726012628985064,0.03440142015287723,0.7924128180961337,0.0,1.0,54.23548410272288,0.047007004657478806,71.13821138211382,50.39682539682539,71.13821138211382,100.0,1.0761769342711294,1.3527582398899152,,,,,
2025-10-12 03:15:00+00:00,intraday,trend,neutral,trend->neutral,10,1,0.010240505124218702,0.0180405283920847,0.5676388685329036,0.0,0.0,54.23548410272288,0.0464529689946059,71.8875502008032,44.44444444444444,71.8875502008032,100.0,1.6542009127740442,2.303105146811777,,,,,
2025-10-12 05:00:00+00:00,intraday,neutral,range,neutral->range,7,1,0.0013840048952278305,0.011460716058396044,0.12076076993583862,1.0,0.0,54.9036548878501,0.04566030452082281,70.91633466135458,74.60317460317461,70.91633466135458,95.91836734693877,0.4301165564815618,0.3538115769461578,,,,,
2025-10-12 05:30:00+00:00,intraday,range,neutral,range->neutral,2,1,0.00507811270472458,0.010885417213123354,0.4665060240963886,0.0,0.0,54.9036548878501,0.04566030452082281,70.91633466135458,75.0,70.91633466135458,95.91836734693877,0.4301165564815618,0.4227217651905349,,,,,
2025-10-12 06:00:00+00:00,intraday,neutral,range,neutral->range,2,1,0.0027902691327130746,0.01577313489092816,0.1769000995685346,1.0,0.0,54.9036548878501,0.04492423809205887,70.63492063492063,73.80952380952381,70.63492063492063,95.91836734693877,0.7044031989328502,0.6034734620306309,,,,,
2025-10-12 09:45:00+00:00,intraday,range,neutral,range->neutral,15,1,0.008759560851240966,0.01900202924189603,0.4609802847754667,0.0,0.0,55.21113299935174,0.04349267090515362,71.82539682539682,9.126984126984127,71.82539682539682,92.0,0.8960122137674829,1.6189068762330265,,,,,
2025-10-12 10:00:00+00:00,intraday,neutral,range,neutral->range,1,1,0.0018271610094281465,0.014669492675694654,0.12455516014234815,1.0,0.0,55.21113299935174,0.043370124980335004,73.01587301587301,7.5396825396825395,73.01587301587301,92.0,1.254272558041521,2.8534758068227952,,,,,
2025-10-12 10:45:00+00:00,intraday,range,trend,range->trend,3,1,0.040625654450261894,0.061185863874345554,0.6639712488769094,0.0,1.0,55.21113299935174,0.043370124980335004,73.01587301587301,4.365079365079365,73.01587301587301,92.0,1.254272558041521,0.3806320676702911,,,,,
2025-10-12 11:15:00+00:00,swing,trend,neutral,trend->neutral,65,1,,,,,,55.21113299935174,0.04295996574960128,72.22222222222221,4.761904761904762,72.22222222222221,92.0,0.5918246346608207,0.7577497389967924,0.05812584074409455,0.11183663000978807,0.5197388435167194,0.0,0.0
2025-10-12 12:30:00+00:00,swing,neutral,trend,neutral->trend,5,1,,,,,,53.019304760742635,0.042354369153765316,73.80952380952381,9.126984126984127,73.80952380952381,88.23529411764706,0.9022884836986025,1.0090816214023814,0.07424798545405209,0.11147632500906524,0.66604263683804,0.0,1.0
2025-10-12 12:45:00+00:00,swing,trend,neutral,trend->neutral,1,1,,,,,,53.019304760742635,0.042354369153765316,73.80952380952381,9.523809523809524,73.80952380952381,88.23529411764706,0.9022884836986025,0.865964008282783,0.06915790297747981,0.11151326948670452,0.6201764444340434,0.0,0.0
2025-10-12 13:15:00+00:00,swing,neutral,trend,neutral->trend,2,1,,,,,,53.019304760742635,0.0422285036228563,72.22222222222221,9.523809523809524,72.22222222222221,88.23529411764706,1.2015175081597056,1.4850810192516755,0.07519435518114492,0.11200782138719546,0.6713312896356453,0.0,1.0
2025-10-12 14:45:00+00:00,swing,trend,neutral,trend->neutral,6,1,,,,,,53.019304760742635,0.03930346833079808,85.31746031746032,69.04761904761905,85.31746031746032,88.23529411764706,3.479703360014615,8.740567871101069,0.03025264201207989,0.06417806444471845,0.47138601442458294,0.0,0.0
2025-10-12 15:00:00+00:00,intraday,trend,neutral,trend->neutral,17,1,0.024130235326208282,0.04621221514122056,0.5221614080274755,0.0,0.0,53.019304760742635,0.03732180155157748,89.68253968253968,84.12698412698413,89.68253968253968,88.23529411764706,3.6636806712895016,3.609035248514,,,,,
2025-10-12 15:30:00+00:00,intraday,neutral,trend,neutral->trend,2,1,0.028344453451393692,0.04009478081935524,0.7069362363919149,0.0,1.0,53.019304760742635,0.03732180155157748,89.68253968253968,87.3015873015873,89.68253968253968,88.23529411764706,3.6636806712895016,2.1312563589450564,,,,,
2025-10-12 16:00:00+00:00,intraday,trend,neutral,trend->neutral,2,1,0.012034236594952619,0.02816315035448835,0.42730434782608584,0.0,0.0,50.18321220518978,0.03500470101116783,93.25396825396825,91.66666666666666,93.25396825396825,84.61538461538461,2.583530546131697,1.8649579057458294,,,,,
2025-10-12 16:15:00+00:00,intraday,neutral,trend,neutral->trend,1,1,0.018230911791057514,0.028228825312664924,0.6458260869565216,0.0,1.0,50.18321220518978,0.03500470101116783,93.25396825396825,93.25396825396825,93.25396825396825,84.61538461538461,2.583530546131697,0.7331072979079032,,,,,
2025-10-12 16:30:00+00:00,intraday,trend,range,trend->range,1,1,0.007311491879220977,0.020587685729608302,0.3551390853371058,1.0,0.0,50.18321220518978,0.03500470101116783,93.25396825396825,96.03174603174604,93.25396825396825,84.61538461538461,2.583530546131697,1.043256034721326,,,,,
2025-10-12 16:30:00+00:00,swing,neutral,range,neutral->range,7,1,,,,,,50.18321220518978,0.03500470101116783,93.25396825396825,96.03174603174604,93.25396825396825,84.61538461538461,2.583530546131697,1.043256034721326,0.005115375002123335,0.043339941906035406,0.1180291153415447,1.0,0.0
2025-10-12 17:45:00+00:00,swing,range,neutral,range->neutral,5,1,,,,,,50.18321220518978,0.03313277061146457,94.44444444444444,97.22222222222221,94.44444444444444,84.61538461538461,1.2279395424039163,0.5046718731575226,0.025865765471128954,0.047654347905083765,0.5427787097758096,0.0,0.0
2025-10-12 18:30:00+00:00,intraday,range,neutral,range->neutral,8,1,0.008975068172015321,0.028511620312945494,0.3147863247863242,0.0,0.0,50.18321220518978,0.03174389401410463,94.44444444444444,92.85714285714286,94.44444444444444,84.61538461538461,0.6531101290989259,0.3773806443821101,,,,,
2025-10-12 18:30:00+00:00,swing,neutral,trend,neutral->trend,3,1,,,,,,50.18321220518978,0.03174389401410463,94.44444444444444,92.85714285714286,94.44444444444444,84.61538461538461,0.6531101290989259,0.3773806443821101,0.03217183003175261,0.047936075485124005,0.671140257231455,0.0,1.0
2025-10-12 18:45:00+00:00,intraday,neutral,range,neutral->range,1,1,0.006100498844141544,0.028470616863365373,0.21427350427350178,1.0,0.0,50.18321220518978,0.03174389401410463,94.44444444444444,88.09523809523809,94.44444444444444,84.61538461538461,0.6531101290989259,0.3244802297630029,,,,,
2025-10-12 18:45:00+00:00,swing,trend,neutral,trend->neutral,1,1,,,,,,50.18321220518978,0.03174389401410463,94.44444444444444,88.09523809523809,94.44444444444444,84.61538461538461,0.6531101290989259,0.3244802297630029,0.028920793283854662,0.04804964107555665,0.6018940544920508,0.0,0.0
2025-10-12 21:15:00+00:00,intraday,range,neutral,range->neutral,10,1,0.00812974599092664,0.025553749484461034,0.31814297920820506,0.0,0.0,47.315159641053555,0.026989920437686325,94.84126984126983,27.77777777777778,94.84126984126983,83.01886792452831,1.1194982958829103,1.1691104644127581,,,,,
2025-10-12 21:45:00+00:00,intraday,neutral,trend,neutral->trend,2,1,0.015291873109371856,0.021982672112159714,0.695633043669572,0.0,1.0,47.315159641053555,0.026989920437686325,94.84126984126983,18.253968253968253,94.84126984126983,83.01886792452831,1.1194982958829103,0.4813783475564841,,,,,
2025-10-12 22:00:00+00:00,intraday,trend,neutral,trend->neutral,1,1,0.01022051221207132,0.027136053153443425,0.3766396002498421,0.0,0.0,47.315159641053555,0.025614408230424747,94.44444444444444,17.063492063492063,94.44444444444444,83.01886792452831,0.6066432315668903,1.039679957413827,,,,,
2025-10-12 22:30:00+00:00,intraday,neutral,range,neutral->range,2,1,0.004796614836175994,0.027067302350969373,0.17721067190148623,1.0,0.0,47.315159641053555,0.025614408230424747,94.44444444444444,16.26984126984127,94.44444444444444,83.01886792452831,0.6066432315668903,0.4731462642314441,,,,,
2025-10-12 23:00:00+00:00,intraday,range,neutral,range->neutral,2,1,0.008861244111888489,0.027155581832632402,0.3263139109485099,0.0,0.0,47.315159641053555,0.02410669443649918,94.84126984126983,16.26984126984127,94.84126984126983,83.01886792452831,0.5695711916249131,0.6539524822577212,,,,,
2025-10-12 23:15:00+00:00,intraday,neutral,range,neutral->range,1,1,0.0036515124071725413,0.02326873150999224,0.1569278671510102,1.0,0.0,47.315159641053555,0.02410669443649918,94.84126984126983,15.873015873015872,94.84126984126983,83.01886792452831,0.5695711916249131,0.7943190310985355,,,,,
2025-10-13 01:30:00+00:00,intraday,range,neutral,range->neutral,9,1,0.009364999723923462,0.025163785466845744,0.37216180118298026,0.0,0.0,44.451867596681666,0.021096925673849003,94.84126984126983,15.873015873015872,94.84126984126983,79.62962962962963,0.7158238337329678,0.6340998756191003,,,,,
2025-10-13 01:30:00+00:00,swing,neutral,range,neutral->range,27,1,,,,,,44.451867596681666,0.021096925673849003,94.84126984126983,15.873015873015872,94.84126984126983,79.62962962962963,0.7158238337329678,0.6340998756191003,0.013234874001022634,0.059947041298664516,0.22077610027632094,1.0,0.0
2025-10-13 01:45:00+00:00,intraday,neutral,trend,neutral->trend,1,1,0.016009450386660906,0.024964453875778052,0.6412898301850778,0.0,1.0,44.451867596681666,0.021096925673849003,94.84126984126983,35.714285714285715,94.84126984126983,79.62962962962963,0.7158238337329678,1.047445004510231,,,,,
2025-10-13 02:00:00+00:00,intraday,trend,neutral,trend->neutral,1,1,0.007185760784633399,0.016138001121726482,0.4452695678003937,0.0,0.0,44.451867596681666,0.020065507261639734,92.46031746031747,36.507936507936506,92.46031746031747,79.62962962962963,0.7939748737073686,1.8590924272032605,,,,,
2025-10-13 02:15:00+00:00,intraday,neutral,range,neutral->range,1,1,0.002070323838951338,0.014393908497923678,0.14383333333333514,1.0,0.0,44.451867596681666,0.020065507261639734,92.46031746031747,36.507936507936506,92.46031746031747,79.62962962962963,0.7939748737073686,0.8944439833764706,,,,,
2025-10-13 03:15:00+00:00,intraday,range,neutral,range->neutral,4,1,0.007817857632697711,0.018874507624155837,0.41420193778683795,0.0,0.0,44.451867596681666,0.01905951079405911,91.66666666666666,32.93650793650794,91.66666666666666,79.62962962962963,0.5818501504393326,0.77857070812029,,,,,
2025-10-13 04:15:00+00:00,intraday,neutral,trend,neutral->trend,4,1,0.015112891920144866,0.019684838841902766,0.7677427304090636,0.0,1.0,41.85879961643831,0.01799030322238398,90.87301587301587,33.33333333333333,90.87301587301587,78.18181818181819,0.5428478610722222,0.8095443508681694,,,,,
2025-10-13 04:30:00+00:00,intraday,trend,neutral,trend->neutral,1,1,0.011207324605490898,0.019658233520243148,0.5701084277969395,0.0,0.0,41.85879961643831,0.01799030322238398,90.87301587301587,35.317460317460316,90.87301587301587,78.18181818181819,0.5428478610722222,0.7780082366420171,,,,,
2025-10-13 05:00:00+00:00,intraday,neutral,range,neutral->range,2,1,0.004021437990732846,0.019637780224300384,0.20478068013799805,1.0,0.0,41.85879961643831,0.01707317042571874,90.07936507936508,35.714285714285715,90.07936507936508,78.18181818181819,0.26523567152505845,0.53116165456092,,,,,
2025-10-13 05:30:00+00:00,swing,range,neutral,range->neutral,16,1,,,,,,41.85879961643831,0.01707317042571874,90.07936507936508,36.904761904761905,90.07936507936508,78.18181818181819,0.26523567152505845,0.37220094238747886,0.01597964376590333,0.060513752574821285,0.2640663169276362,0.0,0.0
2025-10-13 05:45:00+00:00,intraday,range,neutral,range->neutral,3,1,0.007989737507715144,0.019643959288886702,0.40672745194677523,0.0,0.0,41.85879961643831,0.01707317042571874,90.07936507936508,37.698412698412696,90.07936507936508,78.18181818181819,0.26523567152505845,0.3136091065459222,,,,,
2025-10-13 05:45:00+00:00,swing,neutral,range,neutral->range,1,1,,,,,,41.85879961643831,0.01707317042571874,90.07936507936508,37.698412698412696,90.07936507936508,78.18181818181819,0.26523567152505845,0.3136091065459222,0.014899977006208376,0.06043978652079728,0.24652597012534697,1.0,0.0
2025-10-13 06:00:00+00:00,intraday,neutral,range,neutral->range,1,1,0.0025445661200920178,0.013782664117272183,0.18462077421614884,1.0,0.0,41.85879961643831,0.01582474087711934,88.88888888888889,37.698412698412696,88.88888888888889,78.18181818181819,0.5702600550128053,0.9677251249263089,,,,,
2025-10-13 06:00:00+00:00,swing,range,neutral,range->neutral,1,1,,,,,,41.85879961643831,0.01582474087711934,88.88888888888889,37.698412698412696,88.88888888888889,78.18181818181819,0.5702600550128053,0.9677251249263089,0.01865451841551269,0.06028497209185547,0.3094389491810499,0.0,0.0
2025-10-13 07:00:00+00:00,intraday,range,neutral,range->neutral,4,1,0.013758255311724032,0.02009001666001386,0.6848304580606814,0.0,0.0,41.85879961643831,0.01471705511008393,87.3015873015873,31.746031746031743,87.3015873015873,78.18181818181819,0.6651404540605553,1.4277606928539495,,,,,
2025-10-13 07:15:00+00:00,intraday,neutral,trend,neutral->trend,1,1,0.03467705736851645,0.037176842487274264,0.93275961723717,0.0,1.0,41.85879961643831,0.01471705511008393,87.3015873015873,36.904761904761905,87.3015873015873,78.18181818181819,0.6651404540605553,1.1140449480630228,,,,,
2025-10-13 08:00:00+00:00,intraday,trend,neutral,trend->neutral,3,1,0.02034177623329636,0.03659704558210642,0.5558311035697958,0.0,0.0,40.009258473472705,0.013715368789590631,81.74603174603175,45.63492063492063,81.74603174603175,75.0,0.4060909569275225,1.0761698393659722,,,,,
2025-10-13 09:30:00+00:00,intraday,neutral,range,neutral->range,6,1,0.005092124885745952,0.03312406792706982,0.15372885048289933,1.0,0.0,40.009258473472705,0.012835026637685775,61.904761904761905,43.65079365079365,61.904761904761905,75.0,0.4578521439292705,0.7764083850023897,,,,,
2025-10-13 10:15:00+00:00,intraday,range,neutral,range->neutral,3,1,0.010774948965836084,0.03315054115472019,0.32503086195628644,0.0,0.0,40.009258473472705,0.012059302457765687,46.03174603174603,36.507936507936506,46.03174603174603,75.0,0.37294570266773597,0.8347589854006008,,,,,
2025-10-13 11:00:00+00:00,intraday,neutral,range,neutral->range,3,1,0.002634442610594423,0.03337526144479911,0.07893399172173327,1.0,0.0,40.009258473472705,0.01181892166993924,33.730158730158735,32.53968253968254,33.730158730158735,75.0,1.8987514925398892,2.8690753219817293,,,,,
2025-10-13 11:15:00+00:00,intraday,range,neutral,range->neutral,1,1,0.018324956963928773,0.03394655612497279,0.5398178506375239,0.0,0.0,40.009258473472705,0.01181892166993924,33.730158730158735,63.095238095238095,33.730158730158735,75.0,1.8987514925398892,3.3122542790164022,,,,,
2025-10-13 12:30:00+00:00,intraday,neutral,range,neutral->range,5,1,0.005828086032263258,0.023970432176862993,0.2431364603383648,1.0,0.0,38.2918274121475,0.011258985527337777,36.904761904761905,71.03174603174604,36.904761904761905,73.68421052631578,1.2384115645841496,1.0617329912158724,,,,,
2025-10-13 12:45:00+00:00,intraday,range,trend,range->trend,1,1,0.01657017612371625,0.024092533291678066,0.6877722621821528,0.0,1.0,38.2918274121475,0.011258985527337777,36.904761904761905,71.42857142857143,36.904761904761905,73.68421052631578,1.2384115645841496,1.519560033585835,,,,,
2025-10-13 13:00:00+00:00,intraday,trend,neutral,trend->neutral,1,1,0.015450239740894434,0.02616663333544701,0.5904557740702719,0.0,0.0,38.2918274121475,0.010278892572237717,38.095238095238095,70.23809523809523,38.095238095238095,73.68421052631578,2.2711153426625557,1.4745584601856991,,,,,
2025-10-13 13:15:00+00:00,intraday,neutral,trend,neutral->trend,1,1,0.016316192352135106,0.026155151314217723,0.6238232826917645,0.0,1.0,38.2918274121475,0.010278892572237717,38.095238095238095,68.65079365079364,38.095238095238095,73.68421052631578,2.2711153426625557,1.1698182719837236,,,,,
2025-10-13 13:30:00+00:00,intraday,trend,neutral,trend->neutral,1,1,0.01141619300667518,0.025939079790050355,0.44011557461087025,0.0,0.0,38.2918274121475,0.010278892572237717,38.095238095238095,66.66666666666666,38.095238095238095,73.68421052631578,2.2711153426625557,3.8917270698428252,,,,,
2025-10-13 14:15:00+00:00,intraday,neutral,trend,neutral->trend,3,1,0.028997498369560004,0.038378612519832975,0.755564009891572,0.0,1.0,38.2918274121475,0.010008811792161652,40.476190476190474,65.87301587301587,40.476190476190474,73.68421052631578,1.5771613395603996,1.2623539258228218,,,,,
2025-10-13 17:45:00+00:00,intraday,trend,range,trend->range,14,1,0.005589639684316472,0.021725680226324914,0.25728260869565295,1.0,0.0,35.7971333655733,0.007395872874629156,48.80952380952381,72.61904761904762,48.80952380952381,72.41379310344827,1.2338615771507186,1.6080513583616507,,,,,
2025-10-13 18:00:00+00:00,intraday,range,neutral,range->neutral,1,1,0.013180354994698273,0.02047662293819215,0.6436781609195348,0.0,0.0,35.7971333655733,0.006498203334718755,51.98412698412699,74.60317460317461,51.98412698412699,72.41379310344827,0.7378188757765367,0.712329128538021,,,,,
2025-10-13 18:15:00+00:00,intraday,neutral,range,neutral->range,1,1,0.005801138943544837,0.018441614953836737,0.31456783790716586,1.0,0.0,35.7971333655733,0.006498203334718755,51.98412698412699,78.96825396825396,51.98412698412699,72.41379310344827,0.7378188757765367,0.4715732706598791,,,,,
2025-10-13 18:45:00+00:00,intraday,range,neutral,range->neutral,2,1,0.010122151666725587,0.016219092553833036,0.6240886555847086,0.0,0.0,35.7971333655733,0.006498203334718755,51.98412698412699,87.6984126984127,51.98412698412699,72.41379310344827,0.7378188757765367,0.4572636591933977,,,,,
2025-10-13 19:00:00+00:00,intraday,neutral,range,neutral->range,1,1,0.0009313154831198656,0.011888383250432186,0.07833827893175117,1.0,0.0,35.7971333655733,0.005498338339755613,56.74603174603175,89.28571428571429,56.74603174603175,72.41379310344827,1.0666056536285704,0.8946050944411755,,,,,
2025-10-13 20:00:00+00:00,intraday,range,neutral,range->neutral,4,1,0.005828865084300361,0.013290938742945718,0.43855932203389836,0.0,0.0,33.287846735871575,0.004394639352907495,63.095238095238095,88.4920634920635,63.095238095238095,72.88135593220339,0.7562360881609924,0.6510303528517082,,,,,
2025-10-13 20:15:00+00:00,intraday,neutral,range,neutral->range,1,1,0.00018823219382269052,0.01332683932264653,0.014124293785313864,1.0,0.0,33.287846735871575,0.004394639352907495,63.095238095238095,87.3015873015873,63.095238095238095,72.88135593220339,0.7562360881609924,0.5903924004658881,,,,,
2025-10-13 20:45:00+00:00,intraday,range,neutral,range->neutral,2,1,0.010288809927651799,0.015076256179701856,0.6824512534819009,0.0,0.0,33.287846735871575,0.004394639352907495,63.095238095238095,84.92063492063492,63.095238095238095,72.88135593220339,0.7562360881609924,1.2601241428269638,,,,,
2025-10-13 22:30:00+00:00,intraday,neutral,trend,neutral->trend,7,1,0.019468126014086984,0.022886712998133534,0.8506300583956564,0.0,1.0,33.287846735871575,0.0026439195093796554,71.42857142857143,34.523809523809526,71.42857142857143,72.88135593220339,0.3733897685967908,0.3178804211745373,,,,,
2025-10-14 04:45:00+00:00,intraday,trend,neutral,trend->neutral,25,1,0.025314078471448176,0.042852717867168835,0.5907228229937382,0.0,0.0,31.5271519211247,0.0004066802459569817,75.39682539682539,83.73015873015873,75.39682539682539,73.77049180327869,1.132066815285226,2.262459237444844,,,,,
2025-10-14 05:00:00+00:00,intraday,neutral,trend,neutral->trend,1,1,0.030050314434878822,0.04100638578283491,0.7328203610535646,0.0,1.0,31.5271519211247,0.0006227925966134459,77.38095238095238,84.52380952380952,77.38095238095238,73.77049180327869,1.1978264776257321,1.2195098373542854,,,,,
2025-10-14 05:30:00+00:00,intraday,trend,neutral,trend->neutral,2,1,0.015443682644758372,0.03446815217605454,0.4480565875964563,0.0,0.0,31.5271519211247,0.0006227925966134459,77.38095238095238,87.3015873015873,77.38095238095238,73.77049180327869,1.1978264776257321,2.18744759556014,,,,,
2025-10-14 05:45:00+00:00,intraday,neutral,trend,neutral->trend,1,1,0.020815775960137395,0.03438829088032158,0.6053158045155743,0.0,1.0,31.5271519211247,0.0006227925966134459,77.38095238095238,87.3015873015873,77.38095238095238,73.77049180327869,1.1978264776257321,0.9799303852562588,,,,,
2025-10-14 06:30:00+00:00,intraday,trend,neutral,trend->neutral,3,1,0.016054362495086294,0.03431206856404605,0.4678925861062441,0.0,0.0,31.5271519211247,0.0011597094869141345,79.76190476190477,91.66666666666666,79.76190476190477,73.77049180327869,2.1869902280542646,2.8012540264732473,,,,,
2025-10-14 07:00:00+00:00,intraday,neutral,range,neutral->range,2,1,0.007091684999338321,0.03421987719399015,0.20723876240513722,1.0,0.0,31.5271519211247,0.0017721255543076324,81.74603174603175,93.25396825396825,81.74603174603175,73.77049180327869,1.6455669163875408,1.364413097283919,,,,,
2025-10-14 07:15:00+00:00,intraday,range,neutral,range->neutral,1,1,0.011697595494259527,0.03218706193152261,0.36342538872127994,0.0,0.0,31.5271519211247,0.0017721255543076324,81.74603174603175,92.85714285714286,81.74603174603175,73.77049180327869,1.6455669163875408,0.8610041105084206,,,,,
2025-10-14 07:30:00+00:00,intraday,neutral,range,neutral->range,1,1,0.0042335579693970615,0.031568598436492956,0.13410661793914405,1.0,0.0,31.5271519211247,0.0017721255543076324,81.74603174603175,93.25396825396825,81.74603174603175,73.77049180327869,1.6455669163875408,1.2389225780773843,,,,,
2025-10-14 08:15:00+00:00,intraday,range,neutral,range->neutral,3,1,0.010661237124245826,0.031522901499385254,0.3382060856439151,0.0,0.0,31.694619201385375,0.002259154224401544,84.12698412698413,93.25396825396825,84.12698412698413,69.35483870967742,1.2389588536198517,0.8090315996434315,,,,,
2025-10-14 09:45:00+00:00,intraday,neutral,range,neutral->range,6,1,0.007337018570887199,0.02443498182055422,0.30026699527623485,1.0,0.0,31.694619201385375,0.0027836394723984464,86.5079365079365,73.4126984126984,86.5079365079365,69.35483870967742,0.9406658667045535,1.1249363929635092,,,,,
2025-10-14 10:15:00+00:00,intraday,range,neutral,range->neutral,2,1,0.014894490977326535,0.032865850080493565,0.45319049836981506,0.0,0.0,31.694619201385375,0.0035163619460576684,87.6984126984127,61.904761904761905,87.6984126984127,69.35483870967742,2.128378666417038,1.8488021983322112,,,,,
2025-10-14 10:45:00+00:00,intraday,neutral,range,neutral->range,2,1,0.007043986231632271,0.03139989397240745,0.22433152920268187,1.0,0.0,31.694619201385375,0.0035163619460576684,87.6984126984127,59.523809523809526,87.6984126984127,69.35483870967742,2.128378666417038,0.7788394421581288,,,,,
2025-10-14 11:30:00+00:00,intraday,range,neutral,range->neutral,3,1,0.013273522722407227,0.0347453977145361,0.38202247191011485,0.0,0.0,31.694619201385375,0.004000070420326637,88.09523809523809,50.0,88.09523809523809,69.35483870967742,1.1430874723508606,0.525479103798552,,,,,
2025-10-14 12:15:00+00:00,intraday,neutral,trend,neutral->trend,3,1,0.046051032806804226,0.06856267719724582,0.6716632822595521,0.0,1.0,31.116761190401704,0.0046634853715475195,88.88888888888889,48.01587301587302,88.88888888888889,66.66666666666666,0.9029805484397218,0.5598398998242591,,,,,
2025-10-14 12:45:00+00:00,intraday,trend,neutral,trend->neutral,2,1,0.039362107025957105,0.06872446778818095,0.5727524460033218,0.0,0.0,31.116761190401704,0.0046634853715475195,88.88888888888889,51.19047619047619,88.88888888888889,66.66666666666666,0.9029805484397218,0.6957527468435951,,,,,
2025-10-14 13:00:00+00:00,intraday,neutral,trend,neutral->trend,1,1,0.04682186830699275,0.0687317924825157,0.6812257707218011,0.0,1.0,31.116761190401704,0.005162148196614717,89.28571428571429,53.96825396825397,89.28571428571429,66.66666666666666,2.363058137025988,0.6660101935653825,,,,,
2025-10-14 14:30:00+00:00,intraday,trend,neutral,trend->neutral,6,1,0.028903023936256877,0.0537719599549706,0.5375110738098562,0.0,0.0,31.116761190401704,0.00555527752171031,89.68253968253968,39.682539682539684,89.68253968253968,66.66666666666666,2.544689941075476,0.8718928030177694,,,,,
2025-10-14 14:45:00+00:00,intraday,neutral,trend,neutral->trend,1,1,0.03797599077110636,0.05402076501080562,0.7029887629971564,0.0,1.0,31.116761190401704,0.00555527752171031,89.68253968253968,38.095238095238095,89.68253968253968,66.66666666666666,2.544689941075476,0.876744191978503,,,,,
2025-10-14 15:30:00+00:00,intraday,trend,neutral,trend->neutral,3,1,0.008558268560107996,0.03519752623035983,0.2431497175141233,0.0,0.0,31.116761190401704,0.005223222086846626,87.6984126984127,43.25396825396825,87.6984126984127,66.66666666666666,1.6107857128436522,1.2482612843126124,,,,,
2025-10-14 15:45:00+00:00,intraday,neutral,range,neutral->range,1,1,0.004293337249718476,0.02842561315905422,0.15103763024196584,1.0,0.0,31.116761190401704,0.005223222086846626,87.6984126984127,64.68253968253968,87.6984126984127,66.66666666666666,1.6107857128436522,1.678624286912594,,,,,
2025-10-14 19:30:00+00:00,intraday,range,trend,range->trend,15,1,0.01906374462715399,0.02297261327339407,0.829846582984657,0.0,1.0,29.892789973085407,0.004210916548646518,79.76190476190477,84.12698412698413,79.76190476190477,65.625,1.2050040191462765,1.7769571914731048,,,,,
2025-10-14 19:45:00+00:00,intraday,trend,range,trend->range,1,1,0.005381506919428736,0.017511832978303343,0.3073068893528304,1.0,0.0,29.892789973085407,0.004210916548646518,79.76190476190477,80.95238095238095,79.76190476190477,65.625,1.2050040191462765,1.2408456306475322,,,,,
