{"strategy":{"GridBrainV1":{"trades":[{"pair":"ETH/USDT","stake_amount":989.87196,"max_stake_amount":989.87196,"amount":0.308,"open_date":"2026-01-19 09:00:00+00:00","close_date":"2026-01-21 16:00:00+00:00","open_rate":3213.87,"close_rate":2892.483,"fee_open":0.001,"fee_close":0.001,"trade_duration":3300,"profit_ratio":-0.1017982017941649,"profit_abs":-100.86795272,"exit_reason":"stop_loss","initial_stop_loss_abs":2892.483,"initial_stop_loss_ratio":-0.1,"stop_loss_abs":2892.483,"stop_loss_ratio":-0.1,"min_rate":2886.0,"max_rate":3236.26,"is_open":false,"enter_tag":"","leverage":1.0,"is_short":false,"open_timestamp":1768813200000,"close_timestamp":1769011200000,"orders":[{"amount":0.308,"safe_price":3213.87,"ft_order_side":"buy","order_filled_timestamp":1768813200000,"ft_is_entry":true,"ft_order_tag":"","cost":990.8618319599998},{"amount":0.308,"safe_price":2892.483,"ft_order_side":"sell","order_filled_timestamp":1769011200000,"ft_is_entry":false,"ft_order_tag":"stop_loss","cost":891.7756487639999}],"funding_fees":0.0,"weekday":2},{"pair":"ETH/USDT","stake_amount":890.007912,"max_stake_amount":890.007912,"amount":0.3132,"open_date":"2026-01-26 01:00:00+00:00","close_date":"2026-01-26 02:00:00+00:00","open_rate":2841.66,"close_rate":2882.7,"fee_open":0.001,"fee_close":0.001,"trade_duration":60,"profit_ratio":0.012415404955814191,"profit_abs":11.06085845,"exit_reason":"roi","initial_stop_loss_abs":2557.494,"initial_stop_loss_ratio":-0.1,"stop_loss_abs":2557.494,"stop_loss_ratio":-0.1,"min_rate":2838.62,"max_rate":2898.76,"is_open":false,"enter_tag":"","leverage":1.0,"is_short":false,"open_timestamp":1769389200000,"close_timestamp":1769392800000,"orders":[{"amount":0.3132,"safe_price":2841.66,"ft_order_side":"buy","order_filled_timestamp":1769389200000,"ft_is_entry":true,"ft_order_tag":"","cost":890.8979199119998},{"amount":0.3132,"safe_price":2882.7,"ft_order_side":"sell","order_filled_timestamp":1769392800000,"ft_is_entry":false,"ft_order_tag":"roi","cost":903.7645016399997}],"funding_fees":0.0,"weekday":0},{"pair":"ETH/USDT","stake_amount":900.935685,"max_stake_amount":900.935685,"amount":0.3195,"open_date":"2026-01-29 22:00:00+00:00","close_date":"2026-01-31 14:00:00+00:00","open_rate":2819.83,"close_rate":2537.847,"fee_open":0.001,"fee_close":0.001,"trade_duration":2400,"profit_ratio":-0.10179820179653852,"profit_abs":-91.8053463,"exit_reason":"stop_loss","initial_stop_loss_abs":2537.847,"initial_stop_loss_ratio":-0.1,"stop_loss_abs":2537.847,"stop_loss_ratio":-0.1,"min_rate":2510.01,"max_rate":2828.65,"is_open":false,"enter_tag":"","leverage":1.0,"is_short":false,"open_timestamp":1769724000000,"close_timestamp":1769868000000,"orders":[{"amount":0.3195,"safe_price":2819.83,"ft_order_side":"buy","order_filled_timestamp":1769724000000,"ft_is_entry":true,"ft_order_tag":"","cost":901.836620685},{"amount":0.3195,"safe_price":2537.847,"ft_order_side":"sell","order_filled_timestamp":1769868000000,"ft_is_entry":false,"ft_order_tag":"stop_loss","cost":811.6529586165}],"funding_fees":0.0,"weekday":5},{"pair":"ETH/USDT","stake_amount":810.097083,"max_stake_amount":810.097083,"amount":0.3303,"open_date":"2026-02-01 03:00:00+00:00","close_date":"2026-02-02 03:00:00+00:00","open_rate":2452.61,"close_rate":2207.349,"fee_open":0.001,"fee_close":0.001,"trade_duration":1440,"profit_ratio":-0.10179820180103813,"profit_abs":-82.54889276,"exit_reason":"stop_loss","initial_stop_loss_abs":2207.349,"initial_stop_loss_ratio":-0.1,"stop_loss_abs":2207.349,"stop_loss_ratio":-0.1,"min_rate":2166.14,"max_rate":2456.62,"is_open":false,"enter_tag":"","leverage":1.0,"is_short":false,"open_timestamp":1769914800000,"close_timestamp":1770001200000,"orders":[{"amount":0.3303,"safe_price":2452.61,"ft_order_side":"buy","order_filled_timestamp":1769914800000,"ft_is_entry":true,"ft_order_tag":"","cost":810.907180083},{"amount":0.3303,"safe_price":2207.349,"ft_order_side":"sell","order_filled_timestamp":1770001200000,"ft_is_entry":false,"ft_order_tag":"stop_loss","cost":729.8164620747}],"funding_fees":0.0,"weekday":0},{"pair":"ETH/USDT","stake_amount":728.400681,"max_stake_amount":728.400681,"amount":0.3303,"open_date":"2026-02-03 20:00:00+00:00","close_date":"2026-02-03 20:00:00+00:00","open_rate":2205.27,"close_rate":2297.984054054054,"fee_open":0.001,"fee_close":0.001,"trade_duration":0,"profit_ratio":0.03996003996003996,"profit_abs":29.13602724,"exit_reason":"roi","initial_stop_loss_abs":1984.743,"initial_stop_loss_ratio":-0.1,"stop_loss_abs":1984.743,"stop_loss_ratio":-0.1,"min_rate":2188.25,"max_rate":2343.82,"is_open":false,"enter_tag":"","leverage":1.0,"is_short":false,"open_timestamp":1770148800000,"close_timestamp":1770148800000,"orders":[{"amount":0.3303,"safe_price":2205.27,"ft_order_side":"buy","order_filled_timestamp":1770148800000,"ft_is_entry":true,"ft_order_tag":"","cost":729.1290816809999},{"amount":0.3303,"safe_price":2297.984054054054,"ft_order_side":"sell","order_filled_timestamp":1770148800000,"ft_is_entry":false,"ft_order_tag":"roi","cost":759.783157187108}],"funding_fees":0.0,"weekday":1},{"pair":"ETH/USDT","stake_amount":757.231024,"max_stake_amount":757.231024,"amount":0.4048,"open_date":"2026-02-06 01:00:00+00:00","close_date":"2026-02-06 02:00:00+00:00","open_rate":1870.63,"close_rate":1932.17,"fee_open":0.001,"fee_close":0.001,"trade_duration":60,"profit_ratio":0.030834275340137003,"profit_abs":23.37201856,"exit_reason":"roi","initial_stop_loss_abs":1683.5670000000002,"initial_stop_loss_ratio":-0.1,"stop_loss_abs":1683.5670000000002,"stop_loss_ratio":-0.1,"min_rate":1870.37,"max_rate":1947.84,"is_open":false,"enter_tag":"","leverage":1.0,"is_short":false,"open_timestamp":1770339600000,"close_timestamp":1770343200000,"orders":[{"amount":0.4048,"safe_price":1870.63,"ft_order_side":"buy","order_filled_timestamp":1770339600000,"ft_is_entry":true,"ft_order_tag":"","cost":757.988255024},{"amount":0.4048,"safe_price":1932.17,"ft_order_side":"sell","order_filled_timestamp":1770343200000,"ft_is_entry":false,"ft_order_tag":"roi","cost":782.924558416}],"funding_fees":0.0,"weekday":4}],"locks":[],"best_pair":{"key":"ETH/USDT","trades":6,"profit_mean":-0.037030814189291744,"profit_mean_pct":-3.7,"profit_total_abs":-211.65328753,"profit_total":-0.21165328753,"profit_total_pct":-21.17,"duration_avg":"20:10:00","wins":3,"draws":0,"losses":3,"winrate":0.5,"cagr":-0.9549561273170306,"expectancy":-35.27554792166667,"expectancy_ratio":-0.3845134837440469,"sortino":-19.309799119461648,"sharpe":-2.535281160066936,"calmar":-54.66938287824113,"sqn":-1.3848,"profit_factor":0.23097303251190612,"max_drawdown_account":0.2641613333299999,"max_drawdown_abs":264.16133333},"worst_pair":{"key":"ETH/USDT","trades":6,"profit_mean":-0.037030814189291744,"profit_mean_pct":-3.7,"profit_total_abs":-211.65328753,"profit_total":-0.21165328753,"profit_total_pct":-21.17,"duration_avg":"20:10:00","wins":3,"draws":0,"losses":3,"winrate":0.5,"cagr":-0.9549561273170306,"expectancy":-35.27554792166667,"expectancy_ratio":-0.3845134837440469,"sortino":-19.309799119461648,"sharpe":-2.535281160066936,"calmar":-54.66938287824113,"sqn":-1.3848,"profit_factor":0.23097303251190612,"max_drawdown_account":0.2641613333299999,"max_drawdown_abs":264.16133333},"results_per_pair":[{"key":"ETH/USDT","trades":6,"profit_mean":-0.037030814189291744,"profit_mean_pct":-3.7,"profit_total_abs":-211.65328753,"profit_total":-0.21165328753,"profit_total_pct":-21.17,"duration_avg":"20:10:00","wins":3,"draws":0,"losses":3,"winrate":0.5,"cagr":-0.9549561273170306,"expectancy":-35.27554792166667,"expectancy_ratio":-0.3845134837440469,"sortino":-19.309799119461648,"sharpe":-2.535281160066936,"calmar":-54.66938287824113,"sqn":-1.3848,"profit_factor":0.23097303251190612,"max_drawdown_account":0.2641613333299999,"max_drawdown_abs":264.16133333},{"key":"TOTAL","trades":6,"profit_mean":-0.037030814189291744,"profit_mean_pct":-3.7,"profit_total_abs":-211.65328753,"profit_total":-0.21165328753,"profit_total_pct":-21.17,"duration_avg":"20:10:00","wins":3,"draws":0,"losses":3,"winrate":0.5,"cagr":-0.9549561273170306,"expectancy":-35.27554792166667,"expectancy_ratio":-0.3845134837440469,"sortino":-19.309799119461648,"sharpe":-2.535281160066936,"calmar":-54.66938287824113,"sqn":-1.3848,"profit_factor":0.23097303251190612,"max_drawdown_account":0.2641613333299999,"max_drawdown_abs":264.16133333}],"results_per_enter_tag":[{"key":"","trades":6,"profit_mean":-0.037030814189291744,"profit_mean_pct":-3.7,"profit_total_abs":-211.65328753,"profit_total":-0.21165328753,"profit_total_pct":-21.17,"duration_avg":"20:10:00","wins":3,"draws":0,"losses":3,"winrate":0.5,"cagr":-0.9549561273170306,"expectancy":-35.27554792166667,"expectancy_ratio":-0.3845134837440469,"sortino":-19.309799119461648,"sharpe":-2.535281160066936,"calmar":-54.66938287824113,"sqn":-1.3848,"profit_factor":0.23097303251190612,"max_drawdown_account":0.2641613333299999,"max_drawdown_abs":264.16133333},{"key":"TOTAL","trades":6,"profit_mean":-0.037030814189291744,"profit_mean_pct":-3.7,"profit_total_abs":-211.65328753,"profit_total":-0.21165328753,"profit_total_pct":-21.17,"duration_avg":"20:10:00","wins":3,"draws":0,"losses":3,"winrate":0.5,"cagr":-0.9549561273170306,"expectancy":-35.27554792166667,"expectancy_ratio":-0.3845134837440469,"sortino":-19.309799119461648,"sharpe":-2.535281160066936,"calmar":-54.66938287824113,"sqn":-1.3848,"profit_factor":0.23097303251190612,"max_drawdown_account":0.2641613333299999,"max_drawdown_abs":264.16133333}],"exit_reason_summary":[{"key":"roi","trades":3,"profit_mean":0.02773657341866372,"profit_mean_pct":2.77,"profit_total_abs":63.56890425,"profit_total":0.06356890425,"profit_total_pct":6.36,"duration_avg":"0:40:00","wins":3,"draws":0,"losses":0,"winrate":1.0,"cagr":1.2331048887316576,"expectancy":21.18963475,"expectancy_ratio":100.0,"sortino":-100,"sharpe":5.753491595768158,"calmar":-100,"sqn":3.975,"profit_factor":0.0,"max_drawdown_account":0.0,"max_drawdown_abs":0.0},{"key":"stop_loss","trades":3,"profit_mean":-0.10179820179724719,"profit_mean_pct":-10.18,"profit_total_abs":-275.22219178,"profit_total":-0.27522219178,"profit_total_pct":-27.52,"duration_avg":"1 day, 15:40:00","wins":0,"draws":0,"losses":3,"winrate":0.0,"cagr":-0.9849453434342299,"expectancy":-91.74073059333334,"expectancy_ratio":-1.0,"sortino":-25.10939139434094,"sharpe":-25.10939139434094,"calmar":-68.23204705193857,"sqn":-17.3477,"profit_factor":0.0,"max_drawdown_account":0.27522219178,"max_drawdown_abs":275.22219178},{"key":"TOTAL","trades":6,"profit_mean":-0.037030814189291744,"profit_mean_pct":-3.7,"profit_total_abs":-211.65328753,"profit_total":-0.21165328753,"profit_total_pct":-21.17,"duration_avg":"20:10:00","wins":3,"draws":0,"losses":3,"winrate":0.5,"cagr":-0.9549561273170306,"expectancy":-35.27554792166667,"expectancy_ratio":-0.3845134837440469,"sortino":-19.309799119461648,"sharpe":-2.535281160066936,"calmar":-54.66938287824113,"sqn":-1.3848,"profit_factor":0.23097303251190612,"max_drawdown_account":0.2641613333299999,"max_drawdown_abs":264.16133333}],"mix_tag_stats":[{"key":["","roi"],"trades":3,"profit_mean":0.02773657341866372,"profit_mean_pct":2.77,"profit_total_abs":63.56890425,"profit_total":0.06356890425,"profit_total_pct":6.36,"duration_avg":"0:40:00","wins":3,"draws":0,"losses":0,"winrate":1.0,"cagr":1.2331048887316576,"expectancy":21.18963475,"expectancy_ratio":100.0,"sortino":-100,"sharpe":5.753491595768158,"calmar":-100,"sqn":3.975,"profit_factor":0.0,"max_drawdown_account":0.0,"max_drawdown_abs":0.0},{"key":["","stop_loss"],"trades":3,"profit_mean":-0.10179820179724719,"profit_mean_pct":-10.18,"profit_total_abs":-275.22219178,"profit_total":-0.27522219178,"profit_total_pct":-27.52,"duration_avg":"1 day, 15:40:00","wins":0,"draws":0,"losses":3,"winrate":0.0,"cagr":-0.9849453434342299,"expectancy":-91.74073059333334,"expectancy_ratio":-1.0,"sortino":-25.10939139434094,"sharpe":-25.10939139434094,"calmar":-68.23204705193857,"sqn":-17.3477,"profit_factor":0.0,"max_drawdown_account":0.27522219178,"max_drawdown_abs":275.22219178},{"key":"TOTAL","trades":6,"profit_mean":-0.037030814189291744,"profit_mean_pct":-3.7,"profit_total_abs":-211.65328753,"profit_total":-0.21165328753,"profit_total_pct":-21.17,"duration_avg":"20:10:00","wins":3,"draws":0,"losses":3,"winrate":0.5,"cagr":-0.9549561273170306,"expectancy":-35.27554792166667,"expectancy_ratio":-0.3845134837440469,"sortino":-19.309799119461648,"sharpe":-2.535281160066936,"calmar":-54.66938287824113,"sqn":-1.3848,"profit_factor":0.23097303251190612,"max_drawdown_account":0.2641613333299999,"max_drawdown_abs":264.16133333}],"left_open_trades":[{"key":"TOTAL","trades":0,"profit_mean":0.0,"profit_mean_pct":0.0,"profit_total_abs":0.0,"profit_total":0.0,"profit_total_pct":0.0,"duration_avg":"0:00","wins":0,"draws":0,"losses":0,"winrate":0.0,"cagr":0.0,"expectancy":0.0,"expectancy_ratio":100.0,"sortino":0,"sharpe":0,"calmar":0,"sqn":0.0,"profit_factor":0.0,"max_drawdown_account":0.0,"max_drawdown_abs":0.0}],"total_trades":6,"trade_count_long":6,"trade_count_short":0,"total_volume":9961.338176043308,"avg_stake_amount":846.0907241666665,"profit_mean":-0.037030814189291744,"profit_median":-0.044691398419175354,"profit_total":-0.21165328753,"profit_total_long":-0.21165328753,"profit_total_short":0.0,"profit_total_abs":-211.65328753,"profit_total_long_abs":-211.65328753,"profit_total_short_abs":0.0,"cagr":-0.9549561273170306,"expectancy":-35.27554792166667,"expectancy_ratio":-0.3845134837440469,"sortino":-19.309799119461648,"sharpe":-2.535281160066936,"calmar":-54.66938287824113,"sqn":-1.3848,"profit_factor":0.23097303251190612,"backtest_start":"2026-01-08 23:00:00","backtest_start_ts":1767913200000,"backtest_end":"2026-02-06 15:00:00","backtest_end_ts":1770390000000,"backtest_days":28,"backtest_run_start_ts":1770451708,"backtest_run_end_ts":1770451708,"trades_per_day":0.21,"market_change":-0.36239679397421665,"pairlist":["ETH/USDT"],"stake_amount":"unlimited","stake_currency":"USDT","stake_currency_decimals":3,"starting_balance":1000,"dry_run_wallet":1000,"final_balance":788.34671247,"rejected_signals":0,"timedout_entry_orders":0,"timedout_exit_orders":0,"canceled_trade_entries":0,"canceled_entry_orders":0,"replaced_entry_orders":0,"max_open_trades":1,"max_open_trades_setting":1,"timeframe":"1h","timeframe_detail":"","timerange":"20200101-","enable_protections":false,"strategy_name":"GridBrainV1","freqaimodel":null,"freqai_identifier":null,"stoploss":-0.1,"trailing_stop":false,"trailing_stop_positive":null,"trailing_stop_positive_offset":0.0,"trailing_only_offset_is_reached":false,"use_custom_stoploss":false,"minimal_roi":{"60":0.01,"30":0.02,"0":0.04},"use_exit_signal":true,"exit_profit_only":false,"exit_profit_offset":0.0,"ignore_roi_if_entry_signal":false,"trading_mode":"spot","margin_mode":"","periodic_breakdown":{"day":[{"date":"21/01/2026","date_ts":1768953600000,"profit_abs":-100.86795272,"wins":0,"draws":0,"losses":1,"trades":1,"profit_factor":0.0},{"date":"22/01/2026","date_ts":1769040000000,"profit_abs":0.0,"wins":0,"draws":0,"losses":0,"trades":0,"profit_factor":0.0},{"date":"23/01/2026","date_ts":1769126400000,"profit_abs":0.0,"wins":0,"draws":0,"losses":0,"trades":0,"profit_factor":0.0},{"date":"24/01/2026","date_ts":1769212800000,"profit_abs":0.0,"wins":0,"draws":0,"losses":0,"trades":0,"profit_factor":0.0},{"date":"25/01/2026","date_ts":1769299200000,"profit_abs":0.0,"wins":0,"draws":0,"losses":0,"trades":0,"profit_factor":0.0},{"date":"26/01/2026","date_ts":1769385600000,"profit_abs":11.06085845,"wins":1,"draws":0,"losses":0,"trades":1,"profit_factor":0.0},{"date":"27/01/2026","date_ts":1769472000000,"profit_abs":0.0,"wins":0,"draws":0,"losses":0,"trades":0,"profit_factor":0.0},{"date":"28/01/2026","date_ts":1769558400000,"profit_abs":0.0,"wins":0,"draws":0,"losses":0,"trades":0,"profit_factor":0.0},{"date":"29/01/2026","date_ts":1769644800000,"profit_abs":0.0,"wins":0,"draws":0,"losses":0,"trades":0,"profit_factor":0.0},{"date":"30/01/2026","date_ts":1769731200000,"profit_abs":0.0,"wins":0,"draws":0,"losses":0,"trades":0,"profit_factor":0.0},{"date":"31/01/2026","date_ts":1769817600000,"profit_abs":-91.8053463,"wins":0,"draws":0,"losses":1,"trades":1,"profit_factor":0.0},{"date":"01/02/2026","date_ts":1769904000000,"profit_abs":0.0,"wins":0,"draws":0,"losses":0,"trades":0,"profit_factor":0.0},{"date":"02/02/2026","date_ts":1769990400000,"profit_abs":-82.54889276,"wins":0,"draws":0,"losses":1,"trades":1,"profit_factor":0.0},{"date":"03/02/2026","date_ts":1770076800000,"profit_abs":29.13602724,"wins":1,"draws":0,"losses":0,"trades":1,"profit_factor":0.0},{"date":"04/02/2026","date_ts":1770163200000,"profit_abs":0.0,"wins":0,"draws":0,"losses":0,"trades":0,"profit_factor":0.0},{"date":"05/02/2026","date_ts":1770249600000,"profit_abs":0.0,"wins":0,"draws":0,"losses":0,"trades":0,"profit_factor":0.0},{"date":"06/02/2026","date_ts":1770336000000,"profit_abs":23.37201856,"wins":1,"draws":0,"losses":0,"trades":1,"profit_factor":0.0}],"week":[{"date":"26/01/2026","date_ts":1769385600000,"profit_abs":-89.80709427,"wins":1,"draws":0,"losses":1,"trades":2,"profit_factor":0.10965682},{"date":"02/02/2026","date_ts":1769990400000,"profit_abs":-174.35423906,"wins":0,"draws":0,"losses":2,"trades":2,"profit_factor":0.0},{"date":"09/02/2026","date_ts":1770595200000,"profit_abs":52.5080458,"wins":2,"draws":0,"losses":0,"trades":2,"profit_factor":0.0}],"month":[{"date":"31/01/2026","date_ts":1769817600000,"profit_abs":-181.61244057,"wins":1,"draws":0,"losses":2,"trades":3,"profit_factor":0.05740732},{"date":"28/02/2026","date_ts":1772236800000,"profit_abs":-30.04084696,"wins":2,"draws":0,"losses":1,"trades":3,"profit_factor":0.63608419}],"year":[{"date":"31/12/2026","date_ts":1798675200000,"profit_abs":-211.65328753,"wins":3,"draws":0,"losses":3,"trades":6,"profit_factor":0.23097303}],"weekday":[{"date":"Monday","date_ts":0,"profit_abs":-71.48803431,"wins":1,"draws":0,"losses":1,"trades":2,"profit_factor":0.1339916},{"date":"Tuesday","date_ts":1,"profit_abs":29.13602724,"wins":1,"draws":0,"losses":0,"trades":1,"profit_factor":0.0},{"date":"Wednesday","date_ts":2,"profit_abs":-100.86795272,"wins":0,"draws":0,"losses":1,"trades":1,"profit_factor":0.0},{"date":"Friday","date_ts":4,"profit_abs":23.37201856,"wins":1,"draws":0,"losses":0,"trades":1,"profit_factor":0.0},{"date":"Saturday","date_ts":5,"profit_abs":-91.8053463,"wins":0,"draws":0,"losses":1,"trades":1,"profit_factor":0.0}]},"backtest_best_day":0.03996003996003996,"backtest_worst_day":-0.10179820180103813,"backtest_best_day_abs":29.13602724,"backtest_worst_day_abs":-100.86795272,"winning_days":3,"draw_days":11,"losing_days":3,"daily_profit":[["2026-01-21",-100.86795272],["2026-01-22",0.0],["2026-01-23",0.0],["2026-01-24",0.0],["2026-01-25",0.0],["2026-01-26",11.06085845],["2026-01-27",0.0],["2026-01-28",0.0],["2026-01-29",0.0],["2026-01-30",0.0],["2026-01-31",-91.8053463],["2026-02-01",0.0],["2026-02-02",-82.54889276],["2026-02-03",29.13602724],["2026-02-04",0.0],["2026-02-05",0.0],["2026-02-06",23.37201856]],"wins":3,"losses":3,"draws":0,"winrate":0.5,"holding_avg":"20:10:00","holding_avg_s":72600.0,"winner_holding_min":"0d 00:00","winner_holding_min_s":0.0,"winner_holding_max":"0d 01:00","winner_holding_max_s":3600.0,"winner_holding_avg":"0d 00:40","winner_holding_avg_s":2400.0,"loser_holding_min":"1d 00:00","loser_holding_min_s":86400.0,"loser_holding_max":"2d 07:00","loser_holding_max_s":198000.0,"loser_holding_avg":"1d 15:40","loser_holding_avg_s":142800.0,"max_consecutive_wins":2,"max_consecutive_losses":2,"max_drawdown_account":0.2641613333299999,"max_relative_drawdown":0.2641613333299999,"max_drawdown_abs":264.16133333,"drawdown_start":"2026-01-21 16:00:00","drawdown_start_ts":1769011200000.0,"drawdown_end":"2026-02-02 03:00:00","drawdown_end_ts":1770001200000.0,"drawdown_duration":"11 days 11:00:00","drawdown_duration_s":990000.0,"max_drawdown_low":-264.16133333,"max_drawdown_high":0.0,"csum_min":735.8386666700001,"csum_max":910.19290573}},"strategy_comparison":[{"key":"GridBrainV1","trades":6,"profit_mean":-0.037030814189291744,"profit_mean_pct":-3.7,"profit_total_abs":-211.65328753,"profit_total":-0.21165328753,"profit_total_pct":-21.17,"duration_avg":"20:10:00","wins":3,"draws":0,"losses":3,"winrate":0.5,"cagr":-0.9549561273170306,"expectancy":-35.27554792166667,"expectancy_ratio":-0.3845134837440469,"sortino":-19.309799119461648,"sharpe":-2.535281160066936,"calmar":-54.66938287824113,"sqn":-1.3848,"profit_factor":0.23097303251190612,"max_drawdown_account":0.2641613333299999,"max_drawdown_abs":"264.161"}]}